name,confidence_low,confidence_high,count,mean_confidence,direction_accuracy
AUDUSD_2025_30m_HGB,0.5,0.55,16508,0.5149934516251298,0.5168403198449236
AUDUSD_2025_30m_HGB,0.55,0.58,155,0.5720667385586542,0.5483870967741935
AUDUSD_2025_30m_HGB,0.58,0.6,0,,
AUDUSD_2025_30m_HGB,0.6,0.65,0,,
AUDUSD_2025_30m_HGB,0.65,1.0,15,0.8540165257619423,0.7333333333333333
AUDUSD_2025_30m_logistic,0.5,0.55,16226,0.5106689839342655,0.5167015900406755
AUDUSD_2025_30m_logistic,0.55,0.58,431,0.5514705882352943,0.5545243619489559
AUDUSD_2025_30m_logistic,0.58,0.6,0,,
AUDUSD_2025_30m_logistic,0.6,0.65,8,0.6295309012305521,0.125
AUDUSD_2025_30m_logistic,0.65,1.0,13,0.8967420808439258,0.5384615384615384
AUDUSD_2025_60m_HGB,0.5,0.55,16585,0.5106605405811677,0.5085921012963521
AUDUSD_2025_60m_HGB,0.55,0.58,58,0.5554351322158931,0.46551724137931033
AUDUSD_2025_60m_HGB,0.58,0.6,0,,
AUDUSD_2025_60m_HGB,0.6,0.65,22,0.6176470588235293,0.6363636363636364
AUDUSD_2025_60m_HGB,0.65,1.0,13,0.9031257498318356,0.8461538461538461
AUDUSD_2025_60m_logistic,0.5,0.55,16656,0.5116009156461254,0.5087656099903939
AUDUSD_2025_60m_logistic,0.55,0.58,22,0.5663255175002819,0.3181818181818182
AUDUSD_2025_60m_logistic,0.58,0.6,0,,
AUDUSD_2025_60m_logistic,0.6,0.65,0,,
AUDUSD_2025_60m_logistic,0.65,1.0,0,,
AUDUSD_2026_30m_HGB,0.5,0.55,10396,0.5090075338180152,0.4917275875336668
AUDUSD_2026_30m_HGB,0.55,0.58,684,0.5633072168373272,0.5672514619883041
AUDUSD_2026_30m_HGB,0.58,0.6,32,0.5869525907001778,0.5625
AUDUSD_2026_30m_HGB,0.6,0.65,1,0.6,1.0
AUDUSD_2026_30m_HGB,0.65,1.0,5,0.75,0.6
AUDUSD_2026_30m_logistic,0.5,0.55,10706,0.5171307925872604,0.5074724453577433
AUDUSD_2026_30m_logistic,0.55,0.58,16,0.5707318914342626,0.4375
AUDUSD_2026_30m_logistic,0.58,0.6,335,0.5840371098948856,0.5104477611940299
AUDUSD_2026_30m_logistic,0.6,0.65,41,0.611655881913331,0.5853658536585366
AUDUSD_2026_30m_logistic,0.65,1.0,20,0.6500000000000001,0.4
AUDUSD_2026_60m_HGB,0.5,0.55,11012,0.5156161761370884,0.5004540501271341
AUDUSD_2026_60m_HGB,0.55,0.58,0,,
AUDUSD_2026_60m_HGB,0.58,0.6,0,,
AUDUSD_2026_60m_HGB,0.6,0.65,1,0.634640030088626,0.0
AUDUSD_2026_60m_HGB,0.65,1.0,105,0.7327908558171339,0.6095238095238096
AUDUSD_2026_60m_logistic,0.5,0.55,10654,0.5170824686890686,0.5015956448282335
AUDUSD_2026_60m_logistic,0.55,0.58,463,0.5731922398589068,0.5485961123110151
AUDUSD_2026_60m_logistic,0.58,0.6,0,,
AUDUSD_2026_60m_logistic,0.6,0.65,1,0.6,0.0
AUDUSD_2026_60m_logistic,0.65,1.0,0,,
EURUSD_2025_30m_HGB,0.5,0.55,16135,0.5125937158667493,0.5065385807251317
EURUSD_2025_30m_HGB,0.55,0.58,468,0.5616127707907322,0.5641025641025641
EURUSD_2025_30m_HGB,0.58,0.6,0,,
EURUSD_2025_30m_HGB,0.6,0.65,0,,
EURUSD_2025_30m_HGB,0.65,1.0,59,0.6844785848640145,0.7288135593220338
EURUSD_2025_30m_logistic,0.5,0.55,16598,0.5146982198523209,0.5128931196529702
EURUSD_2025_30m_logistic,0.55,0.58,1,0.5734049656230246,1.0
EURUSD_2025_30m_logistic,0.58,0.6,59,0.58974358974359,0.5254237288135594
EURUSD_2025_30m_logistic,0.6,0.65,2,0.627526326058299,1.0
EURUSD_2025_30m_logistic,0.65,1.0,2,0.826599994632927,0.5
EURUSD_2025_60m_HGB,0.5,0.55,15521,0.5058623891288988,0.5008697893176987
EURUSD_2025_60m_HGB,0.55,0.58,907,0.5669201453392062,0.5567805953693495
EURUSD_2025_60m_HGB,0.58,0.6,0,,
EURUSD_2025_60m_HGB,0.6,0.65,17,0.6302119033014462,0.5294117647058824
EURUSD_2025_60m_HGB,0.65,1.0,217,0.7280756542797611,0.6543778801843319
EURUSD_2025_60m_logistic,0.5,0.55,16588,0.5149542207274123,0.5122980467808054
EURUSD_2025_60m_logistic,0.55,0.58,0,,
EURUSD_2025_60m_logistic,0.58,0.6,74,0.5822611303047716,0.40540540540540543
EURUSD_2025_60m_logistic,0.6,0.65,0,,
EURUSD_2025_60m_logistic,0.65,1.0,0,,
EURUSD_2026_30m_HGB,0.5,0.55,10071,0.5110721257642589,0.4934961771422897
EURUSD_2026_30m_HGB,0.55,0.58,935,0.5594785431328896,0.509090909090909
EURUSD_2026_30m_HGB,0.58,0.6,0,,
EURUSD_2026_30m_HGB,0.6,0.65,8,0.6363636363636365,0.5
EURUSD_2026_30m_HGB,0.65,1.0,103,0.8242940653957033,0.6504854368932039
EURUSD_2026_30m_logistic,0.5,0.55,9909,0.5139340407353123,0.511958825310324
EURUSD_2026_30m_logistic,0.55,0.58,886,0.5536668607565535,0.5349887133182845
EURUSD_2026_30m_logistic,0.58,0.6,0,,
EURUSD_2026_30m_logistic,0.6,0.65,319,0.6252730216119888,0.5203761755485894
EURUSD_2026_30m_logistic,0.65,1.0,3,0.8571428571428571,0.3333333333333333
EURUSD_2026_60m_HGB,0.5,0.55,10402,0.5108699098167421,0.5037492789848106
EURUSD_2026_60m_HGB,0.55,0.58,380,0.573658492781437,0.55
EURUSD_2026_60m_HGB,0.58,0.6,7,0.5856507742755385,0.5714285714285714
EURUSD_2026_60m_HGB,0.6,0.65,13,0.625,0.38461538461538464
EURUSD_2026_60m_HGB,0.65,1.0,315,0.6711060872081832,0.6126984126984127
EURUSD_2026_60m_logistic,0.5,0.55,10549,0.5199615555387731,0.5075362593610768
EURUSD_2026_60m_logistic,0.55,0.58,2,0.5788933228015634,1.0
EURUSD_2026_60m_logistic,0.58,0.6,169,0.5929058187608267,0.5857988165680473
EURUSD_2026_60m_logistic,0.6,0.65,397,0.618615981171844,0.5642317380352645
EURUSD_2026_60m_logistic,0.65,1.0,0,,
GBPUSD_2025_30m_HGB,0.5,0.55,15514,0.5129759924735893,0.5097976021657857
GBPUSD_2025_30m_HGB,0.55,0.58,1113,0.5553170511983982,0.5390835579514824
GBPUSD_2025_30m_HGB,0.58,0.6,0,,
GBPUSD_2025_30m_HGB,0.6,0.65,28,0.6491228070175439,0.6785714285714286
GBPUSD_2025_30m_HGB,0.65,1.0,4,0.75,0.25
GBPUSD_2025_30m_logistic,0.5,0.55,16521,0.5129382026963997,0.5095938502511954
GBPUSD_2025_30m_logistic,0.55,0.58,68,0.5636491491739362,0.5735294117647058
GBPUSD_2025_30m_logistic,0.58,0.6,64,0.5866666666666668,0.484375
GBPUSD_2025_30m_logistic,0.6,0.65,0,,
GBPUSD_2025_30m_logistic,0.65,1.0,6,0.7971407540034713,0.5
GBPUSD_2025_60m_HGB,0.5,0.55,16654,0.5165658129558409,0.5105680317040951
GBPUSD_2025_60m_HGB,0.55,0.58,2,0.5541114825354698,0.5
GBPUSD_2025_60m_HGB,0.58,0.6,3,0.5833333333333334,0.6666666666666666
GBPUSD_2025_60m_HGB,0.6,0.65,0,,
GBPUSD_2025_60m_HGB,0.65,1.0,0,,
GBPUSD_2025_60m_logistic,0.5,0.55,16591,0.5195689028630089,0.5129889699234524
GBPUSD_2025_60m_logistic,0.55,0.58,63,0.5595213506836464,0.5873015873015873
GBPUSD_2025_60m_logistic,0.58,0.6,5,0.5829993425536564,0.6
GBPUSD_2025_60m_logistic,0.6,0.65,0,,
GBPUSD_2025_60m_logistic,0.65,1.0,0,,
GBPUSD_2026_30m_HGB,0.5,0.55,10681,0.5083028196187469,0.5095964797303624
GBPUSD_2026_30m_HGB,0.55,0.58,249,0.5510669741672962,0.5662650602409639
GBPUSD_2026_30m_HGB,0.58,0.6,154,0.5876288659793815,0.525974025974026
GBPUSD_2026_30m_HGB,0.6,0.65,33,0.6,0.5151515151515151
GBPUSD_2026_30m_HGB,0.65,1.0,1,1.0,0.0
GBPUSD_2026_30m_logistic,0.5,0.55,11045,0.510409674391138,0.504391127206881
GBPUSD_2026_30m_logistic,0.55,0.58,4,0.569051766498682,0.5
GBPUSD_2026_30m_logistic,0.58,0.6,1,0.5941220664770699,1.0
GBPUSD_2026_30m_logistic,0.6,0.65,67,0.6072173873959079,0.47761194029850745
GBPUSD_2026_30m_logistic,0.65,1.0,1,1.0,1.0
GBPUSD_2026_60m_HGB,0.5,0.55,10483,0.5130701324420728,0.49737670514165794
GBPUSD_2026_60m_HGB,0.55,0.58,351,0.5523382737875907,0.5327635327635327
GBPUSD_2026_60m_HGB,0.58,0.6,205,0.5865684961503576,0.5951219512195122
GBPUSD_2026_60m_HGB,0.6,0.65,26,0.6138602251407129,0.5769230769230769
GBPUSD_2026_60m_HGB,0.65,1.0,53,0.7091259368260752,0.660377358490566
GBPUSD_2026_60m_logistic,0.5,0.55,10254,0.5086488615578358,0.4889799102789155
GBPUSD_2026_60m_logistic,0.55,0.58,173,0.5530588628515534,0.49710982658959535
GBPUSD_2026_60m_logistic,0.58,0.6,653,0.5868867794914197,0.4992343032159265
GBPUSD_2026_60m_logistic,0.6,0.65,35,0.6207518796992482,0.5142857142857142
GBPUSD_2026_60m_logistic,0.65,1.0,3,0.8049284269187517,1.0
USDJPY_2025_30m_HGB,0.5,0.55,16401,0.5171768776682212,0.5132004146088653
USDJPY_2025_30m_HGB,0.55,0.58,104,0.5668789808917198,0.5
USDJPY_2025_30m_HGB,0.58,0.6,0,,
USDJPY_2025_30m_HGB,0.6,0.65,39,0.6101694915254234,0.6923076923076923
USDJPY_2025_30m_HGB,0.65,1.0,0,,
USDJPY_2025_30m_logistic,0.5,0.55,16539,0.515802209013118,0.5152669447971462
USDJPY_2025_30m_logistic,0.55,0.58,5,0.5517241379310345,0.6
USDJPY_2025_30m_logistic,0.58,0.6,0,,
USDJPY_2025_30m_logistic,0.6,0.65,0,,
USDJPY_2025_30m_logistic,0.65,1.0,0,,
USDJPY_2025_60m_HGB,0.5,0.55,15686,0.5226174287364755,0.5091801606528115
USDJPY_2025_60m_HGB,0.55,0.58,806,0.5592979983013976,0.5794044665012407
USDJPY_2025_60m_HGB,0.58,0.6,47,0.5934728269454507,0.5106382978723404
USDJPY_2025_60m_HGB,0.6,0.65,1,0.6100212148514013,1.0
USDJPY_2025_60m_HGB,0.65,1.0,4,1.0,0.75
USDJPY_2025_60m_logistic,0.5,0.55,16542,0.5164620435971314,0.5083424011606819
USDJPY_2025_60m_logistic,0.55,0.58,0,,
USDJPY_2025_60m_logistic,0.58,0.6,0,,
USDJPY_2025_60m_logistic,0.6,0.65,2,0.6363636363636365,1.0
USDJPY_2025_60m_logistic,0.65,1.0,0,,
USDJPY_2026_30m_HGB,0.5,0.55,10873,0.5203066724957996,0.5257058769428861
USDJPY_2026_30m_HGB,0.55,0.58,2,0.5595861413843313,0.5
USDJPY_2026_30m_HGB,0.58,0.6,49,0.5892857142857144,0.7346938775510204
USDJPY_2026_30m_HGB,0.6,0.65,24,0.6019754294110762,0.5
USDJPY_2026_30m_HGB,0.65,1.0,170,0.7311764705882353,0.611764705882353
USDJPY_2026_30m_logistic,0.5,0.55,10985,0.5143260106693273,0.5290851160673646
USDJPY_2026_30m_logistic,0.55,0.58,85,0.5607741815536921,0.3764705882352941
USDJPY_2026_30m_logistic,0.58,0.6,0,,
USDJPY_2026_30m_logistic,0.6,0.65,0,,
USDJPY_2026_30m_logistic,0.65,1.0,48,0.7727467437940648,0.5208333333333334
USDJPY_2026_60m_HGB,0.5,0.55,9959,0.5208514065323945,0.5498544030525153
USDJPY_2026_60m_HGB,0.55,0.58,267,0.5603556494996105,0.5168539325842697
USDJPY_2026_60m_HGB,0.58,0.6,568,0.5972850678733033,0.5475352112676056
USDJPY_2026_60m_HGB,0.6,0.65,130,0.6171719487129645,0.6307692307692307
USDJPY_2026_60m_HGB,0.65,1.0,194,0.9529773110423359,0.6752577319587629
USDJPY_2026_60m_logistic,0.5,0.55,10692,0.5135961077171726,0.5339506172839507
USDJPY_2026_60m_logistic,0.55,0.58,237,0.5553867122482813,0.4767932489451477
USDJPY_2026_60m_logistic,0.58,0.6,110,0.5922121212121213,0.39090909090909093
USDJPY_2026_60m_logistic,0.6,0.65,37,0.6129032258064516,0.6756756756756757
USDJPY_2026_60m_logistic,0.65,1.0,42,0.7663597111709218,0.35714285714285715
