class_accuracy,multiclass_brier,rows,market_days,qualifying_predictions,trades,trades_per_day,days_without_trade,net_win_rate,mean_net_bps,profit_factor,return_pct,closed_equity_max_drawdown_pct,name,test_year,horizon_minutes,training_years,classification,calendar,train_rows,calibration_rows,feature_count,train_first,train_last,cal_first,cal_last,test_first,test_last,double_cost_return_pct
0.5161498708010336,0.49932901440916083,24768,261,24,24,0.09195402298850575,243,0.4583333333333333,4.974200952050072,2.844988028300855,1.196016812706513,-0.239772637964919,2024_15m_1_binary,2024,15,1,binary,False,24745,24684,41,2022-01-02 22:00:00+00:00,2022-12-30 20:45:00+00:00,2023-01-01 22:00:00+00:00,2023-12-29 20:45:00+00:00,2024-01-01 22:00:00+00:00,2024-12-31 20:45:00+00:00,1.098961196204118
0.5186934754521964,0.49923898244184844,24768,261,200,200,0.7662835249042146,156,0.545,0.13026933446731961,1.0372832191730166,0.24608807198815974,-1.3844949533249107,2024_15m_3_binary,2024,15,3,binary,False,74276,24684,41,2020-01-01 22:00:00+00:00,2022-12-30 20:45:00+00:00,2023-01-01 22:00:00+00:00,2023-12-29 20:45:00+00:00,2024-01-01 22:00:00+00:00,2024-12-31 20:45:00+00:00,-0.5526880165905079
0.5225290697674418,0.4988587258067358,24768,261,476,476,1.8237547892720307,78,0.47478991596638653,-0.4711416829971031,0.8179125999076862,-2.232469830938677,-3.055904614356608,2024_15m_all_binary,2024,15,all,binary,False,172971,24684,41,2016-01-04 23:00:00+00:00,2022-12-30 20:45:00+00:00,2023-01-01 22:00:00+00:00,2023-12-29 20:45:00+00:00,2024-01-01 22:00:00+00:00,2024-12-31 20:45:00+00:00,-4.076477865874784
0.5120316537467701,0.5000179482784096,24768,261,57,50,0.19157088122605365,225,0.48,-1.0444290830288643,0.7349913848256789,-0.523019816678405,-0.886211492585598,2024_30m_1_binary,2024,30,1,binary,False,24745,24684,41,2022-01-02 22:00:00+00:00,2022-12-30 20:45:00+00:00,2023-01-01 22:00:00+00:00,2023-12-29 20:45:00+00:00,2024-01-01 22:00:00+00:00,2024-12-31 20:45:00+00:00,-0.72179983856826
0.5161498708010336,0.49952693489821187,24768,261,630,469,1.7969348659003832,82,0.55863539445629,-0.18219159033343035,0.9521091332624512,-0.8918265123797453,-3.7324769856321383,2024_30m_3_binary,2024,30,3,binary,False,74276,24684,41,2020-01-01 22:00:00+00:00,2022-12-30 20:45:00+00:00,2023-01-01 22:00:00+00:00,2023-12-29 20:45:00+00:00,2024-01-01 22:00:00+00:00,2024-12-31 20:45:00+00:00,-2.7338374119564968
0.5172803617571059,0.4987015266655588,24768,261,392,288,1.103448275862069,118,0.5659722222222222,-0.02175154075000651,0.9920612877335495,-0.07435318105285527,-2.1695776586388327,2024_30m_all_binary,2024,30,all,binary,False,172971,24684,41,2016-01-04 23:00:00+00:00,2022-12-30 20:45:00+00:00,2023-01-01 22:00:00+00:00,2023-12-29 20:45:00+00:00,2024-01-01 22:00:00+00:00,2024-12-31 20:45:00+00:00,-1.2189175971045074
0.5081960594315246,0.49954251941187844,24768,261,597,295,1.1302681992337165,119,0.5288135593220339,0.3707804742989863,1.0760441805436503,1.066375814353182,-1.595383418014884,2024_60m_1_binary,2024,60,1,binary,False,24745,24684,41,2022-01-02 22:00:00+00:00,2022-12-30 20:45:00+00:00,2023-01-01 22:00:00+00:00,2023-12-29 20:45:00+00:00,2024-01-01 22:00:00+00:00,2024-12-31 20:45:00+00:00,-0.11918128829954133
0.5240229328165374,0.49880872526711384,24768,261,916,468,1.793103448275862,71,0.5491452991452992,0.007791232179004496,1.0014835931153938,-0.046941135351064034,-5.2380225490536,2024_60m_3_binary,2024,60,3,binary,False,74276,24684,41,2020-01-01 22:00:00+00:00,2022-12-30 20:45:00+00:00,2023-01-01 22:00:00+00:00,2023-12-29 20:45:00+00:00,2024-01-01 22:00:00+00:00,2024-12-31 20:45:00+00:00,-1.900699314069243
0.5273740310077519,0.49721076081357385,24768,261,1270,615,2.3563218390804597,34,0.5544715447154471,1.2892309853240442,1.3226646259559887,8.139578174612883,-2.3571611757385313,2024_60m_all_binary,2024,60,all,binary,False,172971,24684,41,2016-01-04 23:00:00+00:00,2022-12-30 20:45:00+00:00,2023-01-01 22:00:00+00:00,2023-12-29 20:45:00+00:00,2024-01-01 22:00:00+00:00,2024-12-31 20:45:00+00:00,5.512072768793974
0.46434916020671835,0.5800548739680577,24768,261,127,127,0.48659003831417624,191,0.5748031496062992,0.8711195745940605,1.289940229421197,1.106783550827517,-0.5325151194884747,2024_15m_1_ternary,2024,15,1,ternary,False,24745,24684,41,2022-01-02 22:00:00+00:00,2022-12-30 20:45:00+00:00,2023-01-01 22:00:00+00:00,2023-12-29 20:45:00+00:00,2024-01-01 22:00:00+00:00,2024-12-31 20:45:00+00:00,0.5944973300611167
0.46875,0.5784290368740657,24768,261,259,259,0.9923371647509579,149,0.5444015444015444,-0.4330168243467506,0.8918272426309074,-1.1344131181334705,-2.6626959603898825,2024_15m_3_ternary,2024,15,3,ternary,False,74276,24684,41,2020-01-01 22:00:00+00:00,2022-12-30 20:45:00+00:00,2023-01-01 22:00:00+00:00,2023-12-29 20:45:00+00:00,2024-01-01 22:00:00+00:00,2024-12-31 20:45:00+00:00,-2.153438959601006
0.46959786821705424,0.5778539640390115,24768,261,146,146,0.5593869731800766,183,0.5342465753424658,0.23733361881594256,1.0650873065805455,0.335485522385337,-1.1250304288520696,2024_15m_all_ternary,2024,15,all,ternary,False,172971,24684,41,2016-01-04 23:00:00+00:00,2022-12-30 20:45:00+00:00,2023-01-01 22:00:00+00:00,2023-12-29 20:45:00+00:00,2024-01-01 22:00:00+00:00,2024-12-31 20:45:00+00:00,-0.24876478663664603
0.48429425064599485,0.5586665179006313,24768,261,111,90,0.3448275862068966,205,0.4888888888888889,-1.6316303363554157,0.7093589612122194,-1.4665002691295448,-2.3594337860064374,2024_30m_1_ternary,2024,30,1,ternary,False,24745,24684,41,2022-01-02 22:00:00+00:00,2022-12-30 20:45:00+00:00,2023-01-01 22:00:00+00:00,2023-12-29 20:45:00+00:00,2024-01-01 22:00:00+00:00,2024-12-31 20:45:00+00:00,-1.8206485761877667
0.4848998708010336,0.5583485775085565,24768,261,250,190,0.7279693486590039,165,0.48947368421052634,-2.1164361171148123,0.6602989534589053,-3.9700643028946048,-4.783637013634101,2024_30m_3_ternary,2024,30,3,ternary,False,74276,24684,41,2020-01-01 22:00:00+00:00,2022-12-30 20:45:00+00:00,2023-01-01 22:00:00+00:00,2023-12-29 20:45:00+00:00,2024-01-01 22:00:00+00:00,2024-12-31 20:45:00+00:00,-4.697295544266423
0.4865956072351421,0.5573404184792599,24768,261,240,180,0.6896551724137931,160,0.5555555555555556,-0.309788983039783,0.9147285516656918,-0.5702792621572361,-2.8328048229527947,2024_30m_all_ternary,2024,30,all,ternary,False,172971,24684,41,2016-01-04 23:00:00+00:00,2022-12-30 20:45:00+00:00,2023-01-01 22:00:00+00:00,2023-12-29 20:45:00+00:00,2024-01-01 22:00:00+00:00,2024-12-31 20:45:00+00:00,-1.2836395726705918
0.4926518087855297,0.5442737364873558,24768,261,214,114,0.4367816091954023,189,0.5614035087719298,-0.01196965236146971,0.9978096450381582,-0.026939756730270936,-2.140339248896428,2024_60m_1_ternary,2024,60,1,ternary,False,24745,24684,41,2022-01-02 22:00:00+00:00,2022-12-30 20:45:00+00:00,2023-01-01 22:00:00+00:00,2023-12-29 20:45:00+00:00,2024-01-01 22:00:00+00:00,2024-12-31 20:45:00+00:00,-0.48178976841658505
0.5021802325581395,0.5433621106071629,24768,261,364,193,0.7394636015325671,142,0.538860103626943,-0.631856150615931,0.8910353645388104,-1.2423960508584742,-3.5748790657509577,2024_60m_3_ternary,2024,60,3,ternary,False,74276,24684,41,2020-01-01 22:00:00+00:00,2022-12-30 20:45:00+00:00,2023-01-01 22:00:00+00:00,2023-12-29 20:45:00+00:00,2024-01-01 22:00:00+00:00,2024-12-31 20:45:00+00:00,-2.00193475825049
0.5006863695090439,0.5426954938837221,24768,261,457,229,0.8773946360153256,132,0.5589519650655022,0.772553695636902,1.1569526036466802,1.731058434525523,-3.6556799636582094,2024_60m_all_ternary,2024,60,all,ternary,False,172971,24684,41,2016-01-04 23:00:00+00:00,2022-12-30 20:45:00+00:00,2023-01-01 22:00:00+00:00,2023-12-29 20:45:00+00:00,2024-01-01 22:00:00+00:00,2024-12-31 20:45:00+00:00,0.8035054546544185
0.519138025761553,0.4992583585290301,16381,173,62,62,0.3583815028901734,127,0.5967741935483871,0.2155078720441257,1.1971449508438767,0.13295474095782467,-0.3884499322786894,2026_15m_1_binary,2026,15,1,binary,False,24768,24679,41,2024-01-01 22:00:00+00:00,2024-12-31 20:45:00+00:00,2025-01-01 22:00:00+00:00,2025-12-31 20:45:00+00:00,2026-01-01 22:00:00+00:00,2026-08-31 23:00:00+00:00,-0.1150669879609656
0.5144374580306452,0.4990224006410516,16381,173,172,172,0.9942196531791907,71,0.5523255813953488,0.35974719223017654,1.2904738145455203,0.6192009828879907,-0.7883510910081659,2026_15m_3_binary,2026,15,3,binary,False,74197,24679,41,2022-01-02 22:00:00+00:00,2024-12-31 20:45:00+00:00,2025-01-01 22:00:00+00:00,2025-12-31 20:45:00+00:00,2026-01-01 22:00:00+00:00,2026-08-31 23:00:00+00:00,-0.07067233136451856
0.5125450216714487,0.4990202337375218,16381,173,158,158,0.9132947976878613,83,0.5443037974683544,0.15384043777198533,1.1282562559607778,0.24176842086038874,-0.7812937663715602,2026_15m_all_binary,2026,15,all,binary,False,222423,24679,41,2016-01-04 23:00:00+00:00,2024-12-31 20:45:00+00:00,2025-01-01 22:00:00+00:00,2025-12-31 20:45:00+00:00,2026-01-01 22:00:00+00:00,2026-08-31 23:00:00+00:00,-0.38976485066251065
0.5287223002258714,0.4985389053920559,16381,173,128,97,0.5606936416184971,123,0.5154639175257731,0.10299405746169688,1.0984145428117533,0.09954487366337084,-0.32424519073106506,2026_30m_1_binary,2026,30,1,binary,False,24768,24679,41,2024-01-01 22:00:00+00:00,2024-12-31 20:45:00+00:00,2025-01-01 22:00:00+00:00,2025-12-31 20:45:00+00:00,2026-01-01 22:00:00+00:00,2026-08-31 23:00:00+00:00,-0.2880926503473047
0.5135217630181308,0.49732081634806796,16381,173,558,401,2.3179190751445087,30,0.5261845386533666,0.48430723457045655,1.3004608813180827,1.9534358210048008,-0.5383987848485483,2026_30m_3_binary,2026,30,3,binary,False,74197,24679,41,2022-01-02 22:00:00+00:00,2024-12-31 20:45:00+00:00,2025-01-01 22:00:00+00:00,2025-12-31 20:45:00+00:00,2026-01-01 22:00:00+00:00,2026-08-31 23:00:00+00:00,0.3311933953939805
0.5283560222208656,0.4961913607005772,16381,173,659,476,2.7514450867052025,15,0.569327731092437,0.5749530156074713,1.3373581551452447,2.7615320361476625,-0.8652626576509559,2026_30m_all_binary,2026,30,all,binary,False,222423,24679,41,2016-01-04 23:00:00+00:00,2024-12-31 20:45:00+00:00,2025-01-01 22:00:00+00:00,2025-12-31 20:45:00+00:00,2026-01-01 22:00:00+00:00,2026-08-31 23:00:00+00:00,0.8235324067146443
0.5502106098528783,0.4946843107198587,16381,173,711,330,1.907514450867052,22,0.6090909090909091,1.6216451156463572,1.8250115667167217,5.473030970129633,-1.03892406653745,2026_60m_1_binary,2026,60,1,binary,False,24768,24679,41,2024-01-01 22:00:00+00:00,2024-12-31 20:45:00+00:00,2025-01-01 22:00:00+00:00,2025-12-31 20:45:00+00:00,2026-01-01 22:00:00+00:00,2026-08-31 23:00:00+00:00,4.090128911099411
0.5508210731945546,0.49267030691922065,16381,173,864,365,2.1098265895953756,19,0.6328767123287671,1.7386359253514498,2.038605651913858,6.53880710872452,-0.740493495931871,2026_60m_3_binary,2026,60,3,binary,False,74197,24679,41,2022-01-02 22:00:00+00:00,2024-12-31 20:45:00+00:00,2025-01-01 22:00:00+00:00,2025-12-31 20:45:00+00:00,2026-01-01 22:00:00+00:00,2026-08-31 23:00:00+00:00,4.994875225757656
0.5402600573835541,0.4942660411801945,16381,173,860,363,2.098265895953757,19,0.5564738292011019,0.9136450496121822,1.3957654246598756,3.3560025300311658,-1.2254917915375696,2026_60m_all_binary,2026,60,all,binary,False,222423,24679,41,2016-01-04 23:00:00+00:00,2024-12-31 20:45:00+00:00,2025-01-01 22:00:00+00:00,2025-12-31 20:45:00+00:00,2026-01-01 22:00:00+00:00,2026-08-31 23:00:00+00:00,1.8662204126015602
0.4547951895488676,0.6043363458161944,16381,173,34,34,0.19653179190751446,147,0.5294117647058824,-5.07536678474251,0.29087196204247046,-1.717516434087385,-1.7346794438260371,2026_15m_1_ternary,2026,15,1,ternary,False,24768,24679,41,2024-01-01 22:00:00+00:00,2024-12-31 20:45:00+00:00,2025-01-01 22:00:00+00:00,2025-12-31 20:45:00+00:00,2026-01-01 22:00:00+00:00,2026-08-31 23:00:00+00:00,-1.8511607168627542
0.4511324094988096,0.6024842833670667,16381,173,40,40,0.23121387283236994,145,0.525,-0.3185030724086209,0.8336504672417121,-0.12829301923297232,-0.43112728051599714,2026_15m_3_ternary,2026,15,3,ternary,False,74197,24679,41,2022-01-02 22:00:00+00:00,2024-12-31 20:45:00+00:00,2025-01-01 22:00:00+00:00,2025-12-31 20:45:00+00:00,2026-01-01 22:00:00+00:00,2026-08-31 23:00:00+00:00,-0.28796833301052427
0.4498504364812893,0.6017152245915498,16381,173,56,56,0.3236994219653179,127,0.6607142857142857,0.3135465721373347,1.1597164037690686,0.17420839797108734,-0.415105332778809,2026_15m_all_ternary,2026,15,all,ternary,False,222423,24679,41,2016-01-04 23:00:00+00:00,2024-12-31 20:45:00+00:00,2025-01-01 22:00:00+00:00,2025-12-31 20:45:00+00:00,2026-01-01 22:00:00+00:00,2026-08-31 23:00:00+00:00,-0.0499282793401834
0.47677186984921555,0.5854976013419313,16381,173,47,37,0.2138728323699422,148,0.5945945945945946,0.3733423722844356,1.356956598062849,0.13803073450187053,-0.19015285037990992,2026_30m_1_ternary,2026,30,1,ternary,False,24768,24679,41,2024-01-01 22:00:00+00:00,2024-12-31 20:45:00+00:00,2025-01-01 22:00:00+00:00,2025-12-31 20:45:00+00:00,2026-01-01 22:00:00+00:00,2026-08-31 23:00:00+00:00,-0.010061384636239623
0.4766497771808803,0.5827656734194855,16381,173,180,135,0.7803468208092486,93,0.7037037037037037,2.5164197743318804,2.5055885080347395,3.4505787927219256,-0.3671395930912702,2026_30m_3_ternary,2026,30,3,ternary,False,74197,24679,41,2022-01-02 22:00:00+00:00,2024-12-31 20:45:00+00:00,2025-01-01 22:00:00+00:00,2025-12-31 20:45:00+00:00,2026-01-01 22:00:00+00:00,2026-08-31 23:00:00+00:00,2.893579582988015
0.4788474452109151,0.5818328975896832,16381,173,197,143,0.8265895953757225,91,0.6783216783216783,2.387740772997838,1.9481956557481799,3.458429006031394,-0.9930030123570854,2026_30m_all_ternary,2026,30,all,ternary,False,222423,24679,41,2016-01-04 23:00:00+00:00,2024-12-31 20:45:00+00:00,2025-01-01 22:00:00+00:00,2025-12-31 20:45:00+00:00,2026-01-01 22:00:00+00:00,2026-08-31 23:00:00+00:00,2.8684636085704707
0.5210304621207497,0.5559611218455113,16381,173,485,238,1.3757225433526012,39,0.6176470588235294,1.8681462688858539,2.4109050192353623,4.537631531845965,-0.29645694455480154,2026_60m_1_ternary,2026,60,1,ternary,False,24768,24679,41,2024-01-01 22:00:00+00:00,2024-12-31 20:45:00+00:00,2025-01-01 22:00:00+00:00,2025-12-31 20:45:00+00:00,2026-01-01 22:00:00+00:00,2026-08-31 23:00:00+00:00,3.5473191713774277
0.5125450216714487,0.554421723410815,16381,173,545,265,1.5317919075144508,32,0.6226415094339622,1.9100075829612655,2.0442774791157134,5.180961397732653,-0.6814807174991278,2026_60m_3_ternary,2026,60,3,ternary,False,74197,24679,41,2022-01-02 22:00:00+00:00,2024-12-31 20:45:00+00:00,2025-01-01 22:00:00+00:00,2025-12-31 20:45:00+00:00,2026-01-01 22:00:00+00:00,2026-08-31 23:00:00+00:00,4.072119241678673
0.5091874732922288,0.5551256761447251,16381,173,637,282,1.630057803468208,27,0.6028368794326241,1.9712119775435393,1.8534951539486533,5.6947584056584954,-0.881836888456311,2026_60m_all_ternary,2026,60,all,ternary,False,222423,24679,41,2016-01-04 23:00:00+00:00,2024-12-31 20:45:00+00:00,2025-01-01 22:00:00+00:00,2025-12-31 20:45:00+00:00,2026-01-01 22:00:00+00:00,2026-08-31 23:00:00+00:00,4.509427650341524
0.5311031072584091,0.4985621861688579,16381,173,109,83,0.4797687861271676,132,0.5180722891566265,0.43890740138403816,1.484792564620927,0.3645937550467382,-0.28188350363739234,2026_30m_1_binary_calendar,2026,30,1,binary,True,24768,24679,45,2024-01-01 22:00:00+00:00,2024-12-31 20:45:00+00:00,2025-01-01 22:00:00+00:00,2025-12-31 20:45:00+00:00,2026-01-01 22:00:00+00:00,2026-08-31 23:00:00+00:00,0.03194372716768257
