name,pair,horizon_minutes,features,year,period,policy,market_days,predictions,direction_accuracy,trades,trades_per_day,return_pct,stress_return_pct,profit_factor,win_rate,closed_drawdown_pct,mean_net_bps
AUDUSD_120m_base_2025,AUDUSD,120,base,2025,test,probability,260,22461,0.5138684831485686,13,0.05,-0.5374724523419361,-0.8080608512983756,0.5180835165744303,0.3076923076923077,-0.6810535268878093,-4.128890288528262
AUDUSD_120m_base_2025,AUDUSD,120,base,2025,test,cost_filtered,260,22461,0.5138684831485686,7,0.026923076923076925,-0.5864235009857888,-0.7272988683766801,0.2853695151247287,0.42857142857142855,-0.6353987110911397,-8.381580937560042
AUDUSD_120m_base_2025,AUDUSD,120,base,2025,test,expected_return,260,22461,0.5138684831485686,139,0.5346153846153846,-5.706423255895388,-8.300399453234665,0.6696252691977496,0.45323741007194246,-7.76580857923962,-4.162400712833863
AUDUSD_120m_base_2025,AUDUSD,120,base,2025,validation,probability,132,11058,0.5002712967986978,4,0.030303030303030304,0.07818980933733677,0.003950677726183294,1.6340535913449021,0.5,-0.12362316980213395,1.9601174021313315
AUDUSD_120m_base_2025,AUDUSD,120,base,2025,validation,cost_filtered,132,11058,0.5002712967986978,3,0.022727272727272728,0.24215510955558628,0.18589093627450204,,1.0,0.0,8.069081410363395
AUDUSD_120m_base_2025,AUDUSD,120,base,2025,validation,expected_return,132,11058,0.5002712967986978,68,0.5151515151515151,1.8280204936857336,0.5030862829086491,1.4621452722838864,0.5588235294117647,-0.8243621907870979,2.6851763551607544
AUDUSD_120m_base_2026,AUDUSD,120,base,2026,test,probability,173,14963,0.5033749916460603,195,1.1271676300578035,-3.121971009911062,-7.842480813840691,0.7638805898618349,0.4256410256410256,-4.263927747425155,-1.6078789241699438
AUDUSD_120m_base_2026,AUDUSD,120,base,2026,test,cost_filtered,173,14963,0.5033749916460603,23,0.1329479768786127,-0.25369939626009863,-0.6532227637271792,0.8897517725836723,0.4782608695652174,-1.0206557418956819,-1.069779330650219
AUDUSD_120m_base_2026,AUDUSD,120,base,2026,test,expected_return,173,14963,0.5033749916460603,114,0.6589595375722543,-6.0418507448883325,-7.851634160247867,0.5004688191015619,0.38596491228070173,-6.0418507448883325,-5.443088580816669
AUDUSD_120m_base_2026,AUDUSD,120,base,2026,validation,probability,132,11357,0.5181826186492912,149,1.128787878787879,-3.8119516434762524,-7.884076279720675,0.4951375854007173,0.3624161073825503,-3.813309499393691,-2.6024397388901064
AUDUSD_120m_base_2026,AUDUSD,120,base,2026,validation,cost_filtered,132,11357,0.5181826186492912,4,0.030303030303030304,-0.34688641963767086,-0.41572256573501054,0.23926137868384773,0.5,-0.4112516767463159,-8.664954640716898
AUDUSD_120m_base_2026,AUDUSD,120,base,2026,validation,expected_return,132,11357,0.5181826186492912,48,0.36363636363636365,-1.4210726426548304,-2.2961156790708537,0.5968436234954181,0.4166666666666667,-1.6988678249923006,-2.9640305248977383
AUDUSD_120m_cross_2025,AUDUSD,120,cross,2025,test,probability,260,22461,0.5146253506077201,9,0.03461538461538462,-0.6429862075456705,-0.8576089790035102,0.4715230747206863,0.4444444444444444,-0.7747004705597194,-7.122596223076991
AUDUSD_120m_cross_2025,AUDUSD,120,cross,2025,test,cost_filtered,260,22461,0.5146253506077201,4,0.015384615384615385,-0.1177116192084271,-0.2026475350702439,0.7536269033314096,0.5,-0.454739320616393,-2.9106393504796193
AUDUSD_120m_cross_2025,AUDUSD,120,cross,2025,test,expected_return,260,22461,0.5146253506077201,161,0.6192307692307693,-1.3655653585079142,-4.485562612166949,0.9258097922879968,0.4782608695652174,-3.013736021593738,-0.7926135052989195
AUDUSD_120m_cross_2025,AUDUSD,120,cross,2025,validation,probability,132,11058,0.49330801229878823,2,0.015151515151515152,0.20206277554759566,0.16369255512782566,,1.0,0.0,10.10304783107225
AUDUSD_120m_cross_2025,AUDUSD,120,cross,2025,validation,cost_filtered,132,11058,0.49330801229878823,2,0.015151515151515152,0.20206277554759566,0.16369255512782566,,1.0,0.0,10.10304783107225
AUDUSD_120m_cross_2025,AUDUSD,120,cross,2025,validation,expected_return,132,11058,0.49330801229878823,75,0.5681818181818182,-0.4792051042086132,-1.8563759959337789,0.9111323505213074,0.5066666666666667,-1.6503650610376952,-0.6232384303517338
AUDUSD_120m_cross_2026,AUDUSD,120,cross,2026,test,probability,173,14963,0.5082536924413553,27,0.15606936416184972,2.1870893578363138,1.6663627410655302,3.5769383581823857,0.5925925925925926,-0.2258700856405893,8.038667981421147
AUDUSD_120m_cross_2026,AUDUSD,120,cross,2026,test,cost_filtered,173,14963,0.5082536924413553,5,0.028901734104046242,0.8657328570074618,0.7858205893632952,49.28326590090192,0.8,-0.01789546079780102,17.281025842388082
AUDUSD_120m_cross_2026,AUDUSD,120,cross,2026,test,expected_return,173,14963,0.5082536924413553,89,0.5144508670520231,-1.7845541976746704,-3.2731023646827895,0.7881337801522802,0.42696629213483145,-2.4951029190861673,-1.9939699599618725
AUDUSD_120m_cross_2026,AUDUSD,120,cross,2026,validation,probability,132,11357,0.5164215902086818,12,0.09090909090909091,-1.735710589640338,-1.9537064620703815,0.19363906267607714,0.25,-1.735710589640338,-14.55890083300817
AUDUSD_120m_cross_2026,AUDUSD,120,cross,2026,validation,cost_filtered,132,11357,0.5164215902086818,2,0.015151515151515152,-0.1257278442841514,-0.16183099143787238,0.5486617697534595,0.5,-0.277629805483226,-6.265247253524531
AUDUSD_120m_cross_2026,AUDUSD,120,cross,2026,validation,expected_return,132,11357,0.5164215902086818,42,0.3181818181818182,-0.29502151041832514,-1.0929229247407246,0.903633652172563,0.5,-1.0912047756913346,-0.6812666032291389
AUDUSD_240m_base_2025,AUDUSD,240,base,2025,test,probability,260,20399,0.5142899161723614,29,0.11153846153846154,-0.32544297665506594,-1.2845299435713664,0.9331037008274805,0.5172413793103449,-1.7800823597624804,-1.0244468748217486
AUDUSD_240m_base_2025,AUDUSD,240,base,2025,test,cost_filtered,260,20399,0.5142899161723614,12,0.046153846153846156,0.5128842341253437,0.25827186782896305,1.2464502995706,0.6666666666666666,-1.5426239420586518,4.447848243525874
AUDUSD_240m_base_2025,AUDUSD,240,base,2025,test,expected_return,260,20399,0.5142899161723614,318,1.2230769230769232,4.63749243520637,-1.7300066474610132,1.1469184429333141,0.4937106918238994,-4.4180951420385695,1.4819983704618716
AUDUSD_240m_base_2025,AUDUSD,240,base,2025,validation,probability,132,10024,0.4903232242617718,15,0.11363636363636363,0.4001695400335681,0.07174057566408099,1.3457583725241187,0.5333333333333333,-0.898534339431678,2.692439525611574
AUDUSD_240m_base_2025,AUDUSD,240,base,2025,validation,cost_filtered,132,10024,0.4903232242617718,5,0.03787878787878788,0.026491692870278527,-0.06717796148558719,1.6220773549253307,0.6,-0.042602708317374116,0.5300865928471759
AUDUSD_240m_base_2025,AUDUSD,240,base,2025,validation,expected_return,132,10024,0.4903232242617718,144,1.0909090909090908,-3.597911209528637,-6.130138870595525,0.7673312231598853,0.4375,-4.106318462416947,-2.5082467974988774
AUDUSD_240m_base_2026,AUDUSD,240,base,2026,test,probability,173,13591,0.5158560812302259,162,0.9364161849710982,-5.902356012180565,-9.21508904001982,0.6629333231183192,0.38271604938271603,-6.503606247337856,-3.724745923717812
AUDUSD_240m_base_2026,AUDUSD,240,base,2026,test,cost_filtered,173,13591,0.5158560812302259,71,0.41040462427745666,-1.91433183882318,-3.1218871315588648,0.7638348550820273,0.4225352112676056,-2.6091421198878417,-2.683279702102098
AUDUSD_240m_base_2026,AUDUSD,240,base,2026,test,expected_return,173,13591,0.5158560812302259,254,1.4682080924855492,-3.4876842615796932,-7.589012492988001,0.8745071967296544,0.4645669291338583,-4.966072602210225,-1.3614431539807854
AUDUSD_240m_base_2026,AUDUSD,240,base,2026,validation,probability,132,10311,0.515274949083503,113,0.8560606060606061,-1.8198764121919342,-4.520755027432244,0.7737393471628807,0.4336283185840708,-2.630247265109009,-1.6129448308653331
AUDUSD_240m_base_2026,AUDUSD,240,base,2026,validation,cost_filtered,132,10311,0.515274949083503,25,0.1893939393939394,-0.7479671540964405,-1.2285475326492712,0.6678521285832063,0.48,-1.3775153812222496,-2.9810910322457675
AUDUSD_240m_base_2026,AUDUSD,240,base,2026,validation,expected_return,132,10311,0.515274949083503,124,0.9393939393939394,-3.3687444860017957,-5.585427503510942,0.7407223692572805,0.4838709677419355,-5.500092446282179,-2.7268625671280198
AUDUSD_240m_cross_2025,AUDUSD,240,cross,2025,test,probability,260,20399,0.5142899161723614,0,0.0,0.0,0.0,,,0.0,
AUDUSD_240m_cross_2025,AUDUSD,240,cross,2025,test,cost_filtered,260,20399,0.5142899161723614,0,0.0,0.0,0.0,,,0.0,
AUDUSD_240m_cross_2025,AUDUSD,240,cross,2025,test,expected_return,260,20399,0.5142899161723614,315,1.2115384615384615,0.1025844355279304,-5.898513718556531,1.0073134934974421,0.4857142857142857,-4.205294879953991,0.0757265907387687
AUDUSD_240m_cross_2025,AUDUSD,240,cross,2025,validation,probability,132,10024,0.4903232242617718,0,0.0,0.0,0.0,,,0.0,
AUDUSD_240m_cross_2025,AUDUSD,240,cross,2025,validation,cost_filtered,132,10024,0.4903232242617718,0,0.0,0.0,0.0,,,0.0,
AUDUSD_240m_cross_2025,AUDUSD,240,cross,2025,validation,expected_return,132,10024,0.4903232242617718,160,1.2121212121212122,-8.545143440550362,-11.239130411373388,0.5467873765357332,0.41875,-8.75273860561283,-5.54407162571794
AUDUSD_240m_cross_2026,AUDUSD,240,cross,2026,test,probability,173,13591,0.5168861746744169,37,0.2138728323699422,-1.0594182913906014,-1.974857244489403,0.7575739818064907,0.4594594594594595,-1.905902367369161,-2.8432209449835075
AUDUSD_240m_cross_2026,AUDUSD,240,cross,2026,test,cost_filtered,173,13591,0.5168861746744169,17,0.09826589595375723,-0.7308083747339267,-1.0482616493490582,0.6955476258618434,0.47058823529411764,-1.186193002065361,-4.269491702901594
AUDUSD_240m_cross_2026,AUDUSD,240,cross,2026,test,expected_return,173,13591,0.5168861746744169,239,1.3815028901734103,-1.0853876730995027,-5.062269727315972,0.9570686185787561,0.4602510460251046,-4.930460049847552,-0.4231357265374224
AUDUSD_240m_cross_2026,AUDUSD,240,cross,2026,validation,probability,132,10311,0.506449422946368,26,0.19696969696969696,-0.7246504692045797,-1.4229724886606565,0.6964843747197723,0.4230769230769231,-1.4852975383049305,-2.7748860633510146
AUDUSD_240m_cross_2026,AUDUSD,240,cross,2026,validation,cost_filtered,132,10311,0.506449422946368,5,0.03787878787878788,-0.16332524537019388,-0.2588207553092192,0.7474888408027027,0.4,-0.45895730452973904,-3.2337533281850632
AUDUSD_240m_cross_2026,AUDUSD,240,cross,2026,validation,expected_return,132,10311,0.506449422946368,111,0.8409090909090909,-1.9068900122913734,-3.884440120951682,0.7867089004033138,0.5135135135135135,-2.3684348062056326,-1.7158421095875247
AUDUSD_60m_base_2025,AUDUSD,60,base,2025,test,probability,260,23493,0.5144511130975185,322,1.2384615384615385,-10.930639690852528,-21.372383676399643,0.4169426385943096,0.2950310559006211,-10.930639690852528,-3.583466365720449
AUDUSD_60m_base_2025,AUDUSD,60,base,2025,test,cost_filtered,260,23493,0.5144511130975185,2,0.007692307692307693,-1.950135089609284,-1.9976551581625257,0.0,0.0,-1.950135089609284,-97.85149162088496
AUDUSD_60m_base_2025,AUDUSD,60,base,2025,test,expected_return,260,23493,0.5144511130975185,27,0.10384615384615385,-5.233163183369182,-5.8202732817813185,0.16585979812208831,0.25925925925925924,-5.370305130271447,-19.81314788648989
AUDUSD_60m_base_2025,AUDUSD,60,base,2025,validation,probability,132,11575,0.49658747300215983,154,1.1666666666666667,-5.455086377290863,-10.769586088346795,0.4132505945088538,0.24675324675324675,-5.654892797627486,-3.6339220833732013
AUDUSD_60m_base_2025,AUDUSD,60,base,2025,validation,cost_filtered,132,11575,0.49658747300215983,1,0.007575757575757576,0.11334499082067406,0.09513806915595335,,1.0,0.0,11.334499082068048
AUDUSD_60m_base_2025,AUDUSD,60,base,2025,validation,expected_return,132,11575,0.49658747300215983,9,0.06818181818181818,0.2583331947137335,0.08266824257963101,1.3253786697752505,0.4444444444444444,-0.40464539292212054,2.9125881874562016
AUDUSD_60m_base_2026,AUDUSD,60,base,2026,test,probability,173,15651,0.5094882116158712,506,2.9248554913294798,-10.252922434205992,-21.562604712657695,0.5406471578020792,0.34782608695652173,-10.337357408206705,-2.131795948405252
AUDUSD_60m_base_2026,AUDUSD,60,base,2026,test,cost_filtered,173,15651,0.5094882116158712,1,0.005780346820809248,-0.530696796225183,-0.5491174386805131,0.0,0.0,-0.530696796225183,-53.069679622518116
AUDUSD_60m_base_2026,AUDUSD,60,base,2026,test,expected_return,173,15651,0.5094882116158712,18,0.10404624277456648,0.08125794306153011,-0.238078225021654,1.0737769187862478,0.3888888888888889,-0.9127615279981738,0.4696560717624855
AUDUSD_60m_base_2026,AUDUSD,60,base,2026,validation,probability,132,11881,0.5177173638582611,348,2.6363636363636362,-8.454017310058582,-17.53884331808112,0.4241404181403875,0.3160919540229885,-8.533578526012187,-2.5340266361230532
AUDUSD_60m_base_2026,AUDUSD,60,base,2026,validation,cost_filtered,132,11881,0.5177173638582611,0,0.0,0.0,0.0,,,0.0,
AUDUSD_60m_base_2026,AUDUSD,60,base,2026,validation,expected_return,132,11881,0.5177173638582611,2,0.015151515151515152,-0.15848605448054442,-0.19422596402720593,0.0,0.0,-0.15848605448054442,-7.926281371716743
AUDUSD_60m_cross_2025,AUDUSD,60,cross,2025,test,probability,260,23493,0.5143234154854638,257,0.9884615384615385,-12.476283524610764,-21.653284759401338,0.29880803489086655,0.29571984435797666,-12.557118541127876,-5.1723183625230895
AUDUSD_60m_cross_2025,AUDUSD,60,cross,2025,test,cost_filtered,260,23493,0.5143234154854638,4,0.015384615384615385,-2.1877493109204282,-2.278980618817017,0.06191513726070579,0.25,-2.1877493109204282,-54.95396824540677
AUDUSD_60m_cross_2025,AUDUSD,60,cross,2025,test,expected_return,260,23493,0.5143234154854638,31,0.11923076923076924,-3.4961473491261774,-4.216051494517192,0.4342883131194669,0.4838709677419355,-4.059486331233064,-11.390113077978526
AUDUSD_60m_cross_2025,AUDUSD,60,cross,2025,validation,probability,132,11575,0.49667386609071273,122,0.9242424242424242,-4.688737672154297,-8.646155920662768,0.31914942299665516,0.26229508196721313,-4.934696474977784,-3.9296442184120526
AUDUSD_60m_cross_2025,AUDUSD,60,cross,2025,validation,cost_filtered,132,11575,0.49667386609071273,1,0.007575757575757576,-0.3086505042235732,-0.32651229858966513,0.0,0.0,-0.3086505042235732,-30.86505042235734
AUDUSD_60m_cross_2025,AUDUSD,60,cross,2025,validation,expected_return,132,11575,0.49667386609071273,6,0.045454545454545456,0.059598424124818195,-0.0544312573505068,1.0769228924023981,0.3333333333333333,-0.3866396874532385,1.063080623063028
AUDUSD_60m_cross_2026,AUDUSD,60,cross,2026,test,probability,173,15651,0.5024599067152259,15,0.08670520231213873,-0.22313107408111765,-0.7064913104391723,0.6404233799352969,0.4,-0.4754922157473751,-1.4844686998652785
AUDUSD_60m_cross_2026,AUDUSD,60,cross,2026,test,cost_filtered,173,15651,0.5024599067152259,0,0.0,0.0,0.0,,,0.0,
AUDUSD_60m_cross_2026,AUDUSD,60,cross,2026,test,expected_return,173,15651,0.5024599067152259,16,0.09248554913294797,0.552412641400557,0.2766178304535183,1.543052472726971,0.375,-0.4597633353816022,3.4673544361296242
AUDUSD_60m_cross_2026,AUDUSD,60,cross,2026,validation,probability,132,11881,0.5091322279269421,10,0.07575757575757576,-0.009435434073934434,-0.29210250583772135,0.9323703201259346,0.3,-0.07761031464225132,-0.09363477112778333
AUDUSD_60m_cross_2026,AUDUSD,60,cross,2026,validation,cost_filtered,132,11881,0.5091322279269421,0,0.0,0.0,0.0,,,0.0,
AUDUSD_60m_cross_2026,AUDUSD,60,cross,2026,validation,expected_return,132,11881,0.5091322279269421,7,0.05303030303030303,-0.8754599173623645,-0.9945253579151769,0.061424810402303465,0.2857142857142857,-0.8754599173623645,-12.544682841631124
EURUSD_120m_base_2025,EURUSD,120,base,2025,test,probability,260,22456,0.5138047737798361,33,0.12692307692307692,-0.29581213168563547,-0.6182299905625688,0.8911040374292921,0.5151515151515151,-0.8501816565471998,-0.8799920541843923
EURUSD_120m_base_2025,EURUSD,120,base,2025,test,cost_filtered,260,22456,0.5138047737798361,19,0.07307692307692308,0.05511993668487758,-0.08818186958670093,1.0395511162244753,0.5263157894736842,-0.590695435703048,0.3082383265731164
EURUSD_120m_base_2025,EURUSD,120,base,2025,test,expected_return,260,22456,0.5138047737798361,628,2.4153846153846152,-11.320627135708605,-14.986862164430914,0.7463249380658656,0.47929936305732485,-12.208090920673165,-1.895721255501566
EURUSD_120m_base_2025,EURUSD,120,base,2025,validation,probability,132,11045,0.5048438207333635,13,0.09848484848484848,-0.6268977425162969,-0.7134724333940579,0.16654566168901574,0.3076923076923077,-0.6268977425162969,-4.833437258422625
EURUSD_120m_base_2025,EURUSD,120,base,2025,validation,cost_filtered,132,11045,0.5048438207333635,2,0.015151515151515152,-0.23400282601335753,-0.24487879574666138,0.0,0.0,-0.23400282601335753,-11.701794029301375
EURUSD_120m_base_2025,EURUSD,120,base,2025,validation,expected_return,132,11045,0.5048438207333635,285,2.159090909090909,-2.0956249416276163,-3.504687164032949,0.8737848720979692,0.49473684210526314,-4.77124660917635,-0.7314434232827867
EURUSD_120m_base_2026,EURUSD,120,base,2026,test,probability,173,14963,0.4813874223083606,170,0.9826589595375722,1.677278459474607,0.6200473723542821,1.2513433446142175,0.5294117647058824,-0.7369237703988785,0.9869908793086387
EURUSD_120m_base_2026,EURUSD,120,base,2026,test,cost_filtered,173,14963,0.4813874223083606,47,0.27167630057803466,0.8113919880821108,0.5639313776627741,1.3433365129662544,0.5957446808510638,-0.9055195055342469,1.7334382884650206
EURUSD_120m_base_2026,EURUSD,120,base,2026,test,expected_return,173,14963,0.4813874223083606,419,2.421965317919075,-1.2680042776838985,-3.4007224337966324,0.9418932802794298,0.48687350835322196,-3.3392973818905047,-0.2952294698721824
EURUSD_120m_base_2026,EURUSD,120,base,2026,validation,probability,132,11348,0.5014099400775467,140,1.0606060606060606,-0.5760906538658128,-1.6274701248007895,0.9077007122302259,0.4714285714285714,-1.525244641338308,-0.4050632451169864
EURUSD_120m_base_2026,EURUSD,120,base,2026,validation,cost_filtered,132,11348,0.5014099400775467,26,0.19696969696969696,-2.0837512994352436,-2.230287076145565,0.07933725622052568,0.3076923076923077,-2.103931262804082,-8.085181868152093
EURUSD_120m_base_2026,EURUSD,120,base,2026,validation,expected_return,132,11348,0.5014099400775467,237,1.7954545454545454,-4.127003536793716,-5.428443806426875,0.6994091902657301,0.4430379746835443,-5.428863335251089,-1.7698210763174733
EURUSD_120m_cross_2025,EURUSD,120,cross,2025,test,probability,260,22456,0.5158977556109726,55,0.21153846153846154,-1.4297236083935738,-1.897976530818446,0.7087704737296517,0.5272727272727272,-2.3292843037925337,-2.5990869988386684
EURUSD_120m_cross_2025,EURUSD,120,cross,2025,test,cost_filtered,260,22456,0.5158977556109726,34,0.13076923076923078,-1.0951241423949765,-1.3463213914896355,0.6844468812114378,0.5,-1.8216992291050893,-3.2176879888287604
EURUSD_120m_cross_2025,EURUSD,120,cross,2025,test,expected_return,260,22456,0.5158977556109726,671,2.580769230769231,-17.005633569553492,-20.634888658619232,0.644730567252005,0.43815201192250375,-17.39188607799488,-2.7611070390590458
EURUSD_120m_cross_2025,EURUSD,120,cross,2025,validation,probability,132,11045,0.5118153010411951,30,0.22727272727272727,-0.3135926708583092,-0.5065410144384774,0.8184435212022356,0.43333333333333335,-1.0949829676345613,-1.0367219383414747
EURUSD_120m_cross_2025,EURUSD,120,cross,2025,validation,cost_filtered,132,11045,0.5118153010411951,10,0.07575757575757576,-0.5348643925192631,-0.5892179840264244,0.4485250587027858,0.3,-0.6591980888920213,-5.347131073856453
EURUSD_120m_cross_2025,EURUSD,120,cross,2025,validation,expected_return,132,11045,0.5118153010411951,330,2.5,-1.6687906326498858,-3.3030170671307757,0.9087334655422009,0.5303030303030303,-6.000079017306115,-0.49908232986888257
EURUSD_120m_cross_2026,EURUSD,120,cross,2026,test,probability,173,14963,0.4837265254293925,15,0.08670520231213873,-0.4272290123234157,-0.5102038629786754,0.5576488992191552,0.5333333333333333,-0.5698451841681829,-2.842690026967658
EURUSD_120m_cross_2026,EURUSD,120,cross,2026,test,cost_filtered,173,14963,0.4837265254293925,7,0.04046242774566474,-0.5171365409906592,-0.5532985019666703,0.30388188361060653,0.5714285714285714,-0.6394491308615136,-7.386476134039263
EURUSD_120m_cross_2026,EURUSD,120,cross,2026,test,expected_return,173,14963,0.4837265254293925,410,2.3699421965317917,-0.46826743846309915,-2.5655069193288194,0.9775083090999518,0.5073170731707317,-2.7302941122444357,-0.10659313236915775
EURUSD_120m_cross_2026,EURUSD,120,cross,2026,validation,probability,132,11348,0.5011455763130067,17,0.12878787878787878,0.010568184804160552,-0.15030163955478404,1.0156250062874785,0.5294117647058824,-0.3381526736214058,0.0697928090434965
EURUSD_120m_cross_2026,EURUSD,120,cross,2026,validation,cost_filtered,132,11348,0.5011455763130067,5,0.03787878787878788,0.19124786224768986,0.1633617057610559,1.718208757178576,0.6,-0.2670389195090772,3.838356420665657
EURUSD_120m_cross_2026,EURUSD,120,cross,2026,validation,expected_return,132,11348,0.5011455763130067,259,1.9621212121212122,-3.999048507591052,-5.422586256183215,0.7363924745650297,0.4362934362934363,-5.670789743554183,-1.5645136920991316
EURUSD_240m_base_2025,EURUSD,240,base,2025,test,probability,260,20400,0.5072058823529412,98,0.3769230769230769,-5.107814721333459,-6.0609197174540945,0.5668482588625996,0.4387755102040816,-5.4848732515659915,-5.3111420825278834
EURUSD_240m_base_2025,EURUSD,240,base,2025,test,cost_filtered,260,20400,0.5072058823529412,87,0.3346153846153846,-4.477590185056424,-5.134726737588958,0.594812815861973,0.47126436781609193,-4.792922852359949,-5.223210879982534
EURUSD_240m_base_2025,EURUSD,240,base,2025,test,expected_return,260,20400,0.5072058823529412,748,2.876923076923077,-17.203401794147556,-21.234679740757358,0.7334897108622757,0.48128342245989303,-19.0731656613219,-2.496076173199821
EURUSD_240m_base_2025,EURUSD,240,base,2025,validation,probability,132,10011,0.5027469783238437,38,0.2878787878787879,0.8968652704492985,0.6393335625186403,1.4448996150012288,0.5263157894736842,-0.7827645388350568,2.3668293425258584
EURUSD_240m_base_2025,EURUSD,240,base,2025,validation,cost_filtered,132,10011,0.5027469783238437,26,0.19696969696969696,0.8688858167813729,0.728051994493728,1.6783514464992173,0.46153846153846156,-0.4963712379869145,3.3471393698994487
EURUSD_240m_base_2025,EURUSD,240,base,2025,validation,expected_return,132,10011,0.5027469783238437,370,2.803030303030303,5.011701973415161,3.078782604759245,1.2250264233294894,0.5027027027027027,-2.242572387449615,1.3416245991369573
EURUSD_240m_base_2026,EURUSD,240,base,2026,test,probability,173,13591,0.48745493341181667,0,0.0,0.0,0.0,,,0.0,
EURUSD_240m_base_2026,EURUSD,240,base,2026,test,cost_filtered,173,13591,0.48745493341181667,0,0.0,0.0,0.0,,,0.0,
EURUSD_240m_base_2026,EURUSD,240,base,2026,test,expected_return,173,13591,0.48745493341181667,490,2.832369942196532,-3.074810001776751,-5.533856717721807,0.9026601104327795,0.4816326530612245,-5.809834080788445,-0.6237392471957134
EURUSD_240m_base_2026,EURUSD,240,base,2026,validation,probability,132,10308,0.4875824602250679,0,0.0,0.0,0.0,,,0.0,
EURUSD_240m_base_2026,EURUSD,240,base,2026,validation,cost_filtered,132,10308,0.4875824602250679,0,0.0,0.0,0.0,,,0.0,
EURUSD_240m_base_2026,EURUSD,240,base,2026,validation,expected_return,132,10308,0.4875824602250679,342,2.590909090909091,-3.40050238837607,-5.297034357412899,0.855037236774834,0.52046783625731,-5.55956356413696,-0.9945746565511717
EURUSD_240m_cross_2025,EURUSD,240,cross,2025,test,probability,260,20400,0.506078431372549,27,0.10384615384615385,-0.3131074837769532,-0.5814827647030119,0.902075887790272,0.37037037037037035,-1.419335696239521,-1.1028178027848434
EURUSD_240m_cross_2025,EURUSD,240,cross,2025,test,cost_filtered,260,20400,0.506078431372549,24,0.09230769230769231,-0.5063962050246174,-0.7230215076782787,0.8315896691767638,0.3333333333333333,-1.302494717374858,-2.050624750118056
EURUSD_240m_cross_2025,EURUSD,240,cross,2025,test,expected_return,260,20400,0.506078431372549,762,2.9307692307692306,-19.114627247612482,-23.120081941019865,0.7104683935725044,0.463254593175853,-21.136364247705906,-2.7579296893842793
EURUSD_240m_cross_2025,EURUSD,240,cross,2025,validation,probability,132,10011,0.4980521426430926,5,0.03787878787878788,0.19323688386048143,0.1692064323341791,1.6517431558837814,0.4,-0.16874202585800413,3.8794009559190896
EURUSD_240m_cross_2025,EURUSD,240,cross,2025,validation,cost_filtered,132,10011,0.4980521426430926,4,0.030303030303030304,0.2579645714069656,0.2398023307353725,2.1093084917784486,0.5,-0.16874202585800413,6.463279761686246
EURUSD_240m_cross_2025,EURUSD,240,cross,2025,validation,expected_return,132,10011,0.4980521426430926,405,3.0681818181818183,-1.7904131257435618,-3.772521418967112,0.9317894073612324,0.48148148148148145,-4.056449122154904,-0.42909812363245614
EURUSD_240m_cross_2026,EURUSD,240,cross,2026,test,probability,173,13591,0.4819365756750791,104,0.6011560693641619,0.7937900309558099,0.07096169475293568,1.1474558585718821,0.5096153846153846,-0.8872074168192245,0.7708784159601759
EURUSD_240m_cross_2026,EURUSD,240,cross,2026,test,cost_filtered,173,13591,0.4819365756750791,57,0.32947976878612717,1.018377941760873,0.7100236037312024,1.4168386582993515,0.5614035087719298,-1.0315048498600987,1.7867955768972106
EURUSD_240m_cross_2026,EURUSD,240,cross,2026,test,expected_return,173,13591,0.4819365756750791,458,2.647398843930636,-5.0150814553160945,-7.246276231887583,0.8393242804228375,0.4781659388646288,-7.129763861482119,-1.1085573681609293
EURUSD_240m_cross_2026,EURUSD,240,cross,2026,validation,probability,132,10308,0.4896197128443927,79,0.5984848484848485,-0.8709943208500825,-1.5983695492186922,0.8444092778028618,0.4430379746835443,-1.8759008230514684,-1.0929495335858217
EURUSD_240m_cross_2026,EURUSD,240,cross,2026,validation,cost_filtered,132,10308,0.4896197128443927,42,0.3181818181818182,-1.2081360789911288,-1.4459951191323595,0.6348677928936499,0.42857142857142855,-2.104664810538137,-2.878805296147826
EURUSD_240m_cross_2026,EURUSD,240,cross,2026,validation,expected_return,132,10308,0.4896197128443927,341,2.5833333333333335,-4.73310832096383,-6.597840514695575,0.8019860750602613,0.5278592375366569,-7.14508723465177,-1.4046058702238762
EURUSD_60m_base_2025,EURUSD,60,base,2025,test,probability,260,23484,0.5141798671435871,200,0.7692307692307693,0.24041778865941943,-1.970676513573033,1.029467436869736,0.48,-1.779383370715204,0.12961557621659123
EURUSD_60m_base_2025,EURUSD,60,base,2025,test,cost_filtered,260,23484,0.5141798671435871,38,0.14615384615384616,-0.5940730262074978,-0.8557547268536747,0.8139953379839806,0.47368421052631576,-0.8809195914055823,-1.5459706625834753
EURUSD_60m_base_2025,EURUSD,60,base,2025,test,expected_return,260,23484,0.5141798671435871,239,0.9192307692307692,-5.920192108016753,-7.442953854387446,0.6376535203775814,0.4225941422594142,-6.767952436837765,-2.5395856527210197
EURUSD_60m_base_2025,EURUSD,60,base,2025,validation,probability,132,11569,0.5083412568069842,92,0.696969696969697,-1.4756741344354118,-2.22326761215651,0.4297837358137403,0.358695652173913,-1.519835315148188,-1.61356837305724
EURUSD_60m_base_2025,EURUSD,60,base,2025,validation,cost_filtered,132,11569,0.5083412568069842,10,0.07575757575757576,0.10252067713925062,0.05360107240857115,1.6091463870498268,0.4,-0.11518430708293836,1.027263464128677
EURUSD_60m_base_2025,EURUSD,60,base,2025,validation,expected_return,132,11569,0.5083412568069842,121,0.9166666666666666,-1.115410774404002,-1.7156267523850466,0.8296250096125883,0.5041322314049587,-2.199828165378326,-0.9164185658630234
EURUSD_60m_base_2026,EURUSD,60,base,2026,test,probability,173,15651,0.5086575937639768,248,1.4335260115606936,-3.0570379646728707,-6.333665248418063,0.524373513643111,0.32661290322580644,-3.122155283033956,-1.2499279060078607
EURUSD_60m_base_2026,EURUSD,60,base,2026,test,cost_filtered,173,15651,0.5086575937639768,1,0.005780346820809248,-0.07096975540444861,-0.07604435197402504,0.0,0.0,-0.07096975540444861,-7.096975540445329
EURUSD_60m_base_2026,EURUSD,60,base,2026,test,expected_return,173,15651,0.5086575937639768,201,1.1618497109826589,-1.4770816494963146,-2.5068295228949156,0.8365728242218854,0.4577114427860697,-2.3491716715178357,-0.7337223457541638
EURUSD_60m_base_2026,EURUSD,60,base,2026,validation,probability,132,11868,0.5194641051567239,169,1.2803030303030303,-2.014887653782904,-4.2246745511249735,0.5625715354680346,0.42011834319526625,-2.077595726100101,-1.20191734659281
EURUSD_60m_base_2026,EURUSD,60,base,2026,validation,cost_filtered,132,11868,0.5194641051567239,6,0.045454545454545456,0.09205742511453341,0.058477423708569454,1.4129927287455277,0.5,-0.22342569161697412,1.5389987558220373
EURUSD_60m_base_2026,EURUSD,60,base,2026,validation,expected_return,132,11868,0.5194641051567239,92,0.696969696969697,-1.454676211820105,-1.975645059986253,0.6906976406320396,0.45652173913043476,-2.3174894211335784,-1.5813149456717028
EURUSD_60m_cross_2025,EURUSD,60,cross,2025,test,probability,260,23484,0.516308976324306,77,0.29615384615384616,-0.7426808685322417,-1.455052578814331,0.8021013409549504,0.4675324675324675,-1.4190177879365162,-0.96033648443127
EURUSD_60m_cross_2025,EURUSD,60,cross,2025,test,cost_filtered,260,23484,0.516308976324306,24,0.09230769230769231,0.023413935669069907,-0.16543284839527495,1.0179322142960805,0.4166666666666667,-0.9847375528672764,0.11537877110712975
EURUSD_60m_cross_2025,EURUSD,60,cross,2025,test,expected_return,260,23484,0.516308976324306,248,0.9538461538461539,-5.693746158706725,-7.29004935648968,0.6815971290314652,0.41935483870967744,-6.204339690707306,-2.349425208007948
EURUSD_60m_cross_2025,EURUSD,60,cross,2025,validation,probability,132,11569,0.5086870083844758,61,0.4621212121212121,0.4179192943621901,0.0009813400353664292,1.2765394861933779,0.4426229508196721,-0.46400127601110563,0.6872829850370593
EURUSD_60m_cross_2025,EURUSD,60,cross,2025,validation,cost_filtered,132,11569,0.5086870083844758,18,0.13636363636363635,0.4567239223226549,0.36837747460902737,1.7625472587906732,0.4444444444444444,-0.3200223226902721,2.538608773837704
EURUSD_60m_cross_2025,EURUSD,60,cross,2025,validation,expected_return,132,11569,0.5086870083844758,135,1.0227272727272727,0.016126533967142365,-0.6657777611946747,1.004577922185512,0.4444444444444444,-1.3305753891720618,0.02125596348874749
EURUSD_60m_cross_2026,EURUSD,60,cross,2026,test,probability,173,15651,0.5072519327838477,254,1.4682080924855492,-3.094007706549784,-6.65006644176448,0.5531019368570497,0.3346456692913386,-3.700596277293644,-1.2351170598984211
EURUSD_60m_cross_2026,EURUSD,60,cross,2026,test,cost_filtered,173,15651,0.5072519327838477,9,0.05202312138728324,0.009301310996212564,-0.037038748106177355,1.0261908836541958,0.3333333333333333,-0.2981069048538232,0.11201521988492877
EURUSD_60m_cross_2026,EURUSD,60,cross,2026,test,expected_return,173,15651,0.5072519327838477,165,0.953757225433526,0.8416032991255262,-0.014930258263257112,1.1167013959267638,0.49696969696969695,-1.2418165953033133,0.5169242844206913
EURUSD_60m_cross_2026,EURUSD,60,cross,2026,validation,probability,132,11868,0.5169362992922144,180,1.3636363636363635,-0.9132614906007586,-3.3301493997424103,0.7740373709633392,0.42777777777777776,-1.1807894744392144,-0.507932079184615
EURUSD_60m_cross_2026,EURUSD,60,cross,2026,validation,cost_filtered,132,11868,0.5169362992922144,1,0.007575757575757576,-0.058762752652941064,-0.06345632629723985,0.0,0.0,-0.058762752652941064,-5.876275265293579
EURUSD_60m_cross_2026,EURUSD,60,cross,2026,validation,expected_return,132,11868,0.5169362992922144,86,0.6515151515151515,0.07772772180105747,-0.41983136339858174,1.0253543627224608,0.5,-0.9925507656817434,0.09560237801717081
GBPUSD_120m_base_2025,GBPUSD,120,base,2025,test,probability,260,22453,0.5057230659600054,32,0.12307692307692308,-0.3752035613184157,-0.6369399598658787,0.8039074876911128,0.46875,-0.8427867561284996,-1.1641301536057056
GBPUSD_120m_base_2025,GBPUSD,120,base,2025,test,cost_filtered,260,22453,0.5057230659600054,22,0.08461538461538462,0.07461872167815464,-0.11649530646427042,1.0523065058151864,0.5909090909090909,-0.6962984038987985,0.35486806283164024
GBPUSD_120m_base_2025,GBPUSD,120,base,2025,test,expected_return,260,22453,0.5057230659600054,337,1.2961538461538462,-7.711962737008959,-10.149688728018358,0.6879776228494273,0.45103857566765576,-7.944555709586121,-2.366936406958775
GBPUSD_120m_base_2025,GBPUSD,120,base,2025,validation,probability,132,10902,0.5093560814529444,9,0.06818181818181818,-0.17945598592972178,-0.25987112289340697,0.619310881026598,0.3333333333333333,-0.21675172669486376,-1.9898867248934224
GBPUSD_120m_base_2025,GBPUSD,120,base,2025,validation,cost_filtered,132,10902,0.5093560814529444,1,0.007575757575757576,-0.03607037439801175,-0.046945005437326603,0.0,0.0,-0.03607037439801175,-3.607037439801515
GBPUSD_120m_base_2025,GBPUSD,120,base,2025,validation,expected_return,132,10902,0.5093560814529444,122,0.9242424242424242,0.8969580581695391,-0.12013049800245756,1.1386667336255174,0.5327868852459017,-1.1577655054759384,0.742697591276894
GBPUSD_120m_base_2026,GBPUSD,120,base,2026,test,probability,173,14964,0.4973937449879711,133,0.7687861271676301,-0.6208287434543047,-1.9101354437649154,0.8972065891260446,0.46616541353383456,-2.1699354316769948,-0.46127292312705265
GBPUSD_120m_base_2026,GBPUSD,120,base,2026,test,cost_filtered,173,14964,0.4973937449879711,31,0.1791907514450867,-0.8537637300069068,-1.0758138278621265,0.6029351843560539,0.5483870967741935,-1.2595547198743229,-2.7551600234353693
GBPUSD_120m_base_2026,GBPUSD,120,base,2026,test,expected_return,173,14964,0.4973937449879711,210,1.2138728323699421,-0.33977609390418717,-1.8056240365853182,0.9732648144916415,0.5095238095238095,-2.537112957341081,-0.15068513240822437
GBPUSD_120m_base_2026,GBPUSD,120,base,2026,validation,probability,132,11348,0.5056397603101869,62,0.4696969696969697,-2.0806555258406467,-2.564447403916381,0.3779916043449465,0.2903225806451613,-2.156949965306887,-3.386668021358445
GBPUSD_120m_base_2026,GBPUSD,120,base,2026,validation,cost_filtered,132,11348,0.5056397603101869,12,0.09090909090909091,-0.5540523789310026,-0.6451184066320059,0.40137875020361174,0.3333333333333333,-0.7933949173849708,-4.620975303642092
GBPUSD_120m_base_2026,GBPUSD,120,base,2026,validation,expected_return,132,11348,0.5056397603101869,145,1.0984848484848484,-1.4464189085143575,-2.4186960650929734,0.8252461016984269,0.45517241379310347,-2.7988752743085876,-0.9959037090920619
GBPUSD_120m_cross_2025,GBPUSD,120,cross,2025,test,probability,260,22453,0.5101768137888033,75,0.28846153846153844,-1.2890171155764518,-1.960272786447359,0.7379326204967456,0.48,-2.102769110759173,-1.7179822695551512
GBPUSD_120m_cross_2025,GBPUSD,120,cross,2025,test,cost_filtered,260,22453,0.5101768137888033,35,0.1346153846153846,-0.532402856713543,-0.801760668207474,0.8045523054657484,0.5714285714285714,-1.5576997600359688,-1.5069392007413651
GBPUSD_120m_cross_2025,GBPUSD,120,cross,2025,test,expected_return,260,22453,0.5101768137888033,413,1.5884615384615384,-5.521328299538664,-8.483882688350164,0.7930836620841548,0.44794188861985473,-6.639576430471084,-1.3629773929245292
GBPUSD_120m_cross_2025,GBPUSD,120,cross,2025,validation,probability,132,10902,0.5118326912493121,35,0.26515151515151514,-1.0308062755207126,-1.3600248324223463,0.4483830202820376,0.4,-1.2373888724062754,-2.95524475608863
GBPUSD_120m_cross_2025,GBPUSD,120,cross,2025,validation,cost_filtered,132,10902,0.5118326912493121,9,0.06818181818181818,-0.4024606925314256,-0.48106573999052715,0.21290769465960435,0.4444444444444444,-0.46797953094251943,-4.476765044871165
GBPUSD_120m_cross_2025,GBPUSD,120,cross,2025,validation,expected_return,132,10902,0.5118326912493121,155,1.1742424242424243,-3.2072734695695826,-4.45977366356577,0.7076052254887608,0.41935483870967744,-3.5704553113517057,-2.0909515596701644
GBPUSD_120m_cross_2026,GBPUSD,120,cross,2026,test,probability,173,14964,0.4990644212777332,41,0.23699421965317918,-0.022096859771048027,-0.32159607129916834,0.9895607857656006,0.5121951219512195,-0.62435852755518,-0.04611021539988284
GBPUSD_120m_cross_2026,GBPUSD,120,cross,2026,test,cost_filtered,173,14964,0.4990644212777332,8,0.046242774566473986,-0.2923739164782835,-0.34943279757414514,0.6092994908833064,0.375,-0.5409591591226337,-3.6438348618329126
GBPUSD_120m_cross_2026,GBPUSD,120,cross,2026,test,expected_return,173,14964,0.4990644212777332,247,1.4277456647398843,-4.233244364261147,-5.855307413030464,0.7303756022881973,0.46963562753036436,-6.204718504075501,-1.7397073340259273
GBPUSD_120m_cross_2026,GBPUSD,120,cross,2026,validation,probability,132,11348,0.5055516390553402,21,0.1590909090909091,-0.70530853726406,-0.8856380657045304,0.5586106481266089,0.3333333333333333,-1.450463160065607,-3.3591201501474597
GBPUSD_120m_cross_2026,GBPUSD,120,cross,2026,validation,cost_filtered,132,11348,0.5055516390553402,6,0.045454545454545456,-0.08942782190732856,-0.1346393424990988,0.7525761522979317,0.3333333333333333,-0.3090959522477066,-1.4836605201633506
GBPUSD_120m_cross_2026,GBPUSD,120,cross,2026,validation,expected_return,132,11348,0.5055516390553402,180,1.3636363636363635,-1.4322598792963492,-2.678563612380669,0.8565672986940144,0.45555555555555555,-2.3741499116268883,-0.7918410677219102
GBPUSD_240m_base_2025,GBPUSD,240,base,2025,test,probability,260,20397,0.5029661224689905,88,0.3384615384615385,-4.0054908200921835,-4.932235811598251,0.548008117518252,0.38636363636363635,-4.87423097078401,-4.623299271850584
GBPUSD_240m_base_2025,GBPUSD,240,base,2025,test,cost_filtered,260,20397,0.5029661224689905,58,0.2230769230769231,-2.4652518067126983,-2.9764053141604907,0.6209116337142764,0.39655172413793105,-3.439784612082186,-4.274247414481506
GBPUSD_240m_base_2025,GBPUSD,240,base,2025,test,expected_return,260,20397,0.5029661224689905,527,2.026923076923077,-5.559872268250244,-9.369776027671739,0.8707580914778498,0.4667931688804554,-8.049747232473603,-1.0630052909632504
GBPUSD_240m_base_2025,GBPUSD,240,base,2025,validation,probability,132,9875,0.513620253164557,31,0.23484848484848486,-1.5904947315079299,-1.9473352288757684,0.395821603050637,0.3870967741935484,-2.079292996225679,-5.1573928077334195
GBPUSD_240m_base_2025,GBPUSD,240,base,2025,validation,cost_filtered,132,9875,0.513620253164557,13,0.09848484848484848,-1.3926013054828323,-1.4961233911307437,0.17357686204465686,0.15384615384615385,-1.3926013054828323,-10.767300263079656
GBPUSD_240m_base_2025,GBPUSD,240,base,2025,validation,expected_return,132,9875,0.513620253164557,230,1.7424242424242424,-1.476790556952623,-3.3390074166701478,0.9175560456668679,0.5,-4.120391036349568,-0.6260347880274167
GBPUSD_240m_base_2026,GBPUSD,240,base,2026,test,probability,173,13592,0.49690994702766333,0,0.0,0.0,0.0,,,0.0,
GBPUSD_240m_base_2026,GBPUSD,240,base,2026,test,cost_filtered,173,13592,0.49690994702766333,0,0.0,0.0,0.0,,,0.0,
GBPUSD_240m_base_2026,GBPUSD,240,base,2026,test,expected_return,173,13592,0.49690994702766333,373,2.1560693641618496,-8.224165530802264,-10.647149625798258,0.7111865932551825,0.45308310991957107,-9.711814644551598,-2.28450768079621
GBPUSD_240m_base_2026,GBPUSD,240,base,2026,validation,probability,132,10308,0.5026193247962747,0,0.0,0.0,0.0,,,0.0,
GBPUSD_240m_base_2026,GBPUSD,240,base,2026,validation,cost_filtered,132,10308,0.5026193247962747,0,0.0,0.0,0.0,,,0.0,
GBPUSD_240m_base_2026,GBPUSD,240,base,2026,validation,expected_return,132,10308,0.5026193247962747,301,2.2803030303030303,-2.647307276086319,-4.704820979644941,0.8815182505490688,0.48172757475083056,-4.245070959525221,-0.8735681040681588
GBPUSD_240m_cross_2025,GBPUSD,240,cross,2025,test,probability,260,20397,0.5033093101926754,122,0.46923076923076923,-4.824283198453205,-6.170460161599944,0.5929563191842966,0.45081967213114754,-5.666604023726663,-4.031046760480266
GBPUSD_240m_cross_2025,GBPUSD,240,cross,2025,test,cost_filtered,260,20397,0.5033093101926754,69,0.2653846153846154,-2.594798271727694,-3.196950032090373,0.6539005290451608,0.42028985507246375,-3.5477779126289244,-3.7839825245943963
GBPUSD_240m_cross_2025,GBPUSD,240,cross,2025,test,expected_return,260,20397,0.5033093101926754,598,2.3,-3.2854102781029737,-7.77232274807107,0.9333890606089187,0.4983277591973244,-7.3012645095059785,-0.537303957542701
GBPUSD_240m_cross_2025,GBPUSD,240,cross,2025,validation,probability,132,9875,0.5147341772151899,66,0.5,1.3603860962330572,0.5543147365724366,1.3766464500243332,0.5,-0.8238080643219292,2.072646354845654
GBPUSD_240m_cross_2025,GBPUSD,240,cross,2025,validation,cost_filtered,132,9875,0.5147341772151899,25,0.1893939393939394,-0.3598865502928428,-0.5691219631463906,0.8455099678371609,0.28,-1.0550077059034324,-1.4155689018473057
GBPUSD_240m_cross_2025,GBPUSD,240,cross,2025,validation,expected_return,132,9875,0.5147341772151899,280,2.121212121212121,-2.7537845084652846,-5.028114440021292,0.8784968720840086,0.4785714285714286,-6.177115585803472,-0.9767546448844702
GBPUSD_240m_cross_2026,GBPUSD,240,cross,2026,test,probability,173,13592,0.49690994702766333,1,0.005780346820809248,0.22748926403080016,0.221936176514137,,1.0,0.0,22.748926403080493
GBPUSD_240m_cross_2026,GBPUSD,240,cross,2026,test,cost_filtered,173,13592,0.49690994702766333,1,0.005780346820809248,0.22748926403080016,0.221936176514137,,1.0,0.0,22.748926403080493
GBPUSD_240m_cross_2026,GBPUSD,240,cross,2026,test,expected_return,173,13592,0.49690994702766333,374,2.161849710982659,-7.826784940350828,-10.263363745601383,0.739722999522948,0.43315508021390375,-8.354148981126775,-2.1596454174825026
GBPUSD_240m_cross_2026,GBPUSD,240,cross,2026,validation,probability,132,10308,0.5026193247962747,0,0.0,0.0,0.0,,,0.0,
GBPUSD_240m_cross_2026,GBPUSD,240,cross,2026,validation,cost_filtered,132,10308,0.5026193247962747,0,0.0,0.0,0.0,,,0.0,
GBPUSD_240m_cross_2026,GBPUSD,240,cross,2026,validation,expected_return,132,10308,0.5026193247962747,306,2.3181818181818183,1.7826256632610393,-0.36377840613384116,1.0942960824449064,0.5228758169934641,-3.0468579064901413,0.5928778202671051
GBPUSD_60m_base_2025,GBPUSD,60,base,2025,test,probability,260,23481,0.5079425918827989,16,0.06153846153846154,-0.019752748135704046,-0.2046376392112026,0.9692969295053706,0.5,-0.3779930869682979,-0.11717295893257551
GBPUSD_60m_base_2025,GBPUSD,60,base,2025,test,cost_filtered,260,23481,0.5079425918827989,4,0.015384615384615385,0.44431151123756063,0.4084662893661717,10.921923263959922,0.75,-0.04472790439358221,11.094670878770795
GBPUSD_60m_base_2025,GBPUSD,60,base,2025,test,expected_return,260,23481,0.5079425918827989,107,0.4115384615384615,-1.7797425887676521,-2.6097768977415448,0.7285725106626211,0.4392523364485981,-2.5365697712089075,-1.6689172199836724
GBPUSD_60m_base_2025,GBPUSD,60,base,2025,validation,probability,132,11422,0.501575906146034,6,0.045454545454545456,0.11792831254311409,0.06419615112123189,2.6055846507955374,0.5,-0.04153848396388771,1.9656299445524794
GBPUSD_60m_base_2025,GBPUSD,60,base,2025,validation,cost_filtered,132,11422,0.501575906146034,0,0.0,0.0,0.0,,,0.0,
GBPUSD_60m_base_2025,GBPUSD,60,base,2025,validation,expected_return,132,11422,0.501575906146034,24,0.18181818181818182,1.1376709193571921,0.9377736382679691,2.142223645040277,0.5833333333333334,-0.339987330887781,4.729631824686935
GBPUSD_60m_base_2026,GBPUSD,60,base,2026,test,probability,173,15652,0.4961027344748275,37,0.2138728323699422,-1.606250986871438,-2.8532161486862884,0.12892139983088632,0.21621621621621623,-1.612924980598207,-4.373448167424047
GBPUSD_60m_base_2026,GBPUSD,60,base,2026,test,cost_filtered,173,15652,0.4961027344748275,1,0.005780346820809248,-0.28632648797087823,-0.292296280819071,0.0,0.0,-0.28632648797087823,-28.6326487970878
GBPUSD_60m_base_2026,GBPUSD,60,base,2026,test,expected_return,173,15652,0.4961027344748275,80,0.4624277456647399,-1.2148088205007013,-1.766221215638475,0.6942962614867706,0.4,-2.1097365959104164,-1.5209001494684977
GBPUSD_60m_base_2026,GBPUSD,60,base,2026,validation,probability,132,11868,0.5030333670374115,24,0.18181818181818182,-0.9620196882231147,-1.6819196509015755,0.16399440150957675,0.2916666666666667,-1.002968579528185,-4.024511905953986
GBPUSD_60m_base_2026,GBPUSD,60,base,2026,validation,cost_filtered,132,11868,0.5030333670374115,1,0.007575757575757576,-0.21180415872594782,-0.21859699605636385,0.0,0.0,-0.21180415872594782,-21.18041587259531
GBPUSD_60m_base_2026,GBPUSD,60,base,2026,validation,expected_return,132,11868,0.5030333670374115,70,0.5303030303030303,0.447556013968331,-0.025808692423434643,1.1829046333499313,0.5571428571428572,-0.9167858233936732,0.6436935616244857
GBPUSD_60m_cross_2025,GBPUSD,60,cross,2025,test,probability,260,23481,0.5081129423789447,279,1.073076923076923,-7.408206130287454,-13.294188474718593,0.4350209477094611,0.3548387096774194,-7.415268491529936,-2.753916250432925
GBPUSD_60m_cross_2025,GBPUSD,60,cross,2025,test,cost_filtered,260,23481,0.5081129423789447,13,0.05,0.480974638779319,0.37920041481616096,2.549786626157905,0.46153846153846156,-0.12294055577851681,3.6975015008150645
GBPUSD_60m_cross_2025,GBPUSD,60,cross,2025,test,expected_return,260,23481,0.5081129423789447,113,0.4346153846153846,-1.951564151302576,-2.8226371633641056,0.7031808372270947,0.4778761061946903,-2.294126671494867,-1.7342153117677002
GBPUSD_60m_cross_2025,GBPUSD,60,cross,2025,validation,probability,132,11422,0.5020136578532657,132,1.0,-1.71162129779715,-3.558226987346391,0.6498110401887628,0.4166666666666667,-2.4491642830717475,-1.3043579512513659
GBPUSD_60m_cross_2025,GBPUSD,60,cross,2025,validation,cost_filtered,132,11422,0.5020136578532657,10,0.07575757575757576,-0.12368102359816557,-0.21050161162251557,0.8111079841544507,0.5,-0.4956090052959161,-1.228093150405806
GBPUSD_60m_cross_2025,GBPUSD,60,cross,2025,validation,expected_return,132,11422,0.5020136578532657,29,0.2196969696969697,-0.17024820041194877,-0.41677391913249595,0.9083909102393344,0.5517241379310345,-0.8837906223039815,-0.5762369940150757
GBPUSD_60m_cross_2026,GBPUSD,60,cross,2026,test,probability,173,15652,0.493802708918988,60,0.3468208092485549,-1.8538316058769322,-3.962656763609884,0.27950487238446603,0.18333333333333332,-1.8568457520018455,-3.1159082048311624
GBPUSD_60m_cross_2026,GBPUSD,60,cross,2026,test,cost_filtered,173,15652,0.493802708918988,0,0.0,0.0,0.0,,,0.0,
GBPUSD_60m_cross_2026,GBPUSD,60,cross,2026,test,expected_return,173,15652,0.493802708918988,67,0.3872832369942196,-0.4367410339736755,-0.8895377921417369,0.873817447014961,0.44776119402985076,-1.0365972692178427,-0.644435700175758
GBPUSD_60m_cross_2026,GBPUSD,60,cross,2026,validation,probability,132,11868,0.5036231884057971,58,0.4393939393939394,-1.4836993660885645,-3.0150756528671496,0.3387624367467009,0.29310344827586204,-1.535752220475184,-2.574947031456603
GBPUSD_60m_cross_2026,GBPUSD,60,cross,2026,validation,cost_filtered,132,11868,0.5036231884057971,0,0.0,0.0,0.0,,,0.0,
GBPUSD_60m_cross_2026,GBPUSD,60,cross,2026,validation,expected_return,132,11868,0.5036231884057971,52,0.3939393939393939,0.13807411358277566,-0.22905741188989914,1.0604577776373798,0.5961538461538461,-0.6854394582978429,0.27326729430597924
USDJPY_120m_base_2025,USDJPY,120,base,2025,test,probability,260,22336,0.509939111747851,248,0.9538461538461539,2.1780284237736813,0.0036750931704743195,1.1481969096009972,0.4879032258064516,-2.000400832276472,0.885960422616354
USDJPY_120m_base_2025,USDJPY,120,base,2025,test,cost_filtered,260,22336,0.509939111747851,133,0.5115384615384615,-1.3250429001522956,-2.1237030231700427,0.8415387286310287,0.45112781954887216,-3.183497474146868,-0.9914078356898889
USDJPY_120m_base_2025,USDJPY,120,base,2025,test,expected_return,260,22336,0.509939111747851,884,3.4,1.1467672283550945,-3.736497948004902,1.0223858486885624,0.47737556561085975,-4.925603880582152,0.1456020979893739
USDJPY_120m_base_2025,USDJPY,120,base,2025,validation,probability,132,10897,0.5083050380838763,155,1.1742424242424243,-6.227766976158922,-7.784302403537602,0.6317117050686369,0.45806451612903226,-6.563049996595027,-4.103151379235468
USDJPY_120m_base_2025,USDJPY,120,base,2025,validation,cost_filtered,132,10897,0.5083050380838763,72,0.5454545454545454,-5.180295662980017,-5.6954502592888145,0.49385403600474576,0.4166666666666667,-5.2362299551601215,-7.323825244040138
USDJPY_120m_base_2025,USDJPY,120,base,2025,validation,expected_return,132,10897,0.5083050380838763,485,3.6742424242424243,-8.122052055276875,-11.043404153075365,0.830846145749879,0.4536082474226804,-9.985016822636872,-1.7072075902360637
USDJPY_120m_base_2026,USDJPY,120,base,2026,test,probability,173,14964,0.5205159048382786,3,0.017341040462427744,-0.2787074425117164,-0.2999351224076352,0.16103061303168215,0.3333333333333333,-0.2787074425117164,-9.290032327870431
USDJPY_120m_base_2026,USDJPY,120,base,2026,test,cost_filtered,173,14964,0.5205159048382786,3,0.017341040462427744,-0.2787074425117164,-0.2999351224076352,0.16103061303168215,0.3333333333333333,-0.2787074425117164,-9.290032327870431
USDJPY_120m_base_2026,USDJPY,120,base,2026,test,expected_return,173,14964,0.5205159048382786,559,3.23121387283237,-4.908214025459778,-7.428565466926084,0.8438026974791671,0.49016100178890876,-6.50434844554475,-0.8858953168016789
USDJPY_120m_base_2026,USDJPY,120,base,2026,validation,probability,132,11372,0.49059092507914176,3,0.022727272727272728,-0.12419880750330625,-0.13932256665197817,0.5675640312165555,0.3333333333333333,-0.286348206356557,-4.129965388518991
USDJPY_120m_base_2026,USDJPY,120,base,2026,validation,cost_filtered,132,11372,0.49059092507914176,3,0.022727272727272728,-0.12419880750330625,-0.13932256665197817,0.5675640312165555,0.3333333333333333,-0.286348206356557,-4.129965388518991
USDJPY_120m_base_2026,USDJPY,120,base,2026,validation,expected_return,132,11372,0.49059092507914176,550,4.166666666666667,1.0009382005600198,-1.4834924519114834,1.0362258326395852,0.48727272727272725,-3.0237767797471116,0.19343095568864602
USDJPY_120m_cross_2025,USDJPY,120,cross,2025,test,probability,260,22336,0.509894340974212,10,0.038461538461538464,0.17953706597448882,0.07676840081307645,1.4610972592333542,0.5,-0.23470827863488752,1.8003777588476673
USDJPY_120m_cross_2025,USDJPY,120,cross,2025,test,cost_filtered,260,22336,0.509894340974212,8,0.03076923076923077,0.2960997644992691,0.24319998599919845,2.0311501574770157,0.5,-0.11889881988167428,3.705722290276603
USDJPY_120m_cross_2025,USDJPY,120,cross,2025,test,expected_return,260,22336,0.509894340974212,914,3.5153846153846153,-6.092339289765347,-10.778824736988291,0.9080646882975408,0.45951859956236324,-9.805513203641459,-0.6693585551220776
USDJPY_120m_cross_2025,USDJPY,120,cross,2025,validation,probability,132,10897,0.5080297329540241,4,0.030303030303030304,-0.8137224311628888,-0.8401412383556517,0.0,0.0,-0.8137224311628888,-20.395812634952062
USDJPY_120m_cross_2025,USDJPY,120,cross,2025,validation,cost_filtered,132,10897,0.5080297329540241,2,0.015151515151515152,-0.266182093799916,-0.27980124574945586,0.0,0.0,-0.266182093799916,-13.317665951280032
USDJPY_120m_cross_2025,USDJPY,120,cross,2025,validation,expected_return,132,10897,0.5080297329540241,518,3.9242424242424243,-8.961095186220536,-12.049089324928952,0.8277011974348293,0.5019305019305019,-11.95954299166303,-1.7703575203062014
USDJPY_120m_cross_2026,USDJPY,120,cross,2026,test,probability,173,14964,0.46217588879978616,144,0.8323699421965318,1.2796397308706853,-0.08252876978324108,1.1984696069187775,0.3888888888888889,-2.784910916459238,0.899281213817903
USDJPY_120m_cross_2026,USDJPY,120,cross,2026,test,cost_filtered,173,14964,0.46217588879978616,34,0.19653179190751446,1.5563757553273438,1.3680943498117104,1.7355412466813884,0.5,-0.8156856482062103,4.576784413749591
USDJPY_120m_cross_2026,USDJPY,120,cross,2026,test,expected_return,173,14964,0.46217588879978616,525,3.0346820809248554,-9.105939809526975,-11.377117711289564,0.7176041293453104,0.4819047619047619,-11.024981262725431,-1.7986187218116156
USDJPY_120m_cross_2026,USDJPY,120,cross,2026,validation,probability,132,11372,0.4737073513893774,121,0.9166666666666666,-2.5434245010887313,-3.812040588964649,0.6126525704000955,0.4380165289256198,-2.7874296140903754,-2.1207721506766117
USDJPY_120m_cross_2026,USDJPY,120,cross,2026,validation,cost_filtered,132,11372,0.4737073513893774,33,0.25,-0.06154608135879869,-0.21124751748718973,0.9697775960582655,0.36363636363636365,-0.565336858264387,-0.17547497356267797
USDJPY_120m_cross_2026,USDJPY,120,cross,2026,validation,expected_return,132,11372,0.4737073513893774,541,4.098484848484849,-2.175275541516941,-4.565408827060979,0.9313487969260809,0.48613678373382624,-4.231008501201272,-0.3935717465421259
USDJPY_240m_base_2025,USDJPY,240,base,2025,test,probability,260,20282,0.5130164678039641,1273,4.8961538461538465,-19.553835621727156,-29.217826749520892,0.8326184451240338,0.4831107619795758,-20.288853261722338,-1.6781646756631268
USDJPY_240m_base_2025,USDJPY,240,base,2025,test,cost_filtered,260,20282,0.5130164678039641,810,3.1153846153846154,-1.6241702604644415,-6.057977371992973,0.980956759900345,0.49506172839506174,-7.965578696765374,-0.17131912355224047
USDJPY_240m_base_2025,USDJPY,240,base,2025,test,expected_return,260,20282,0.5130164678039641,948,3.646153846153846,3.5709887389461015,-1.949371939052913,1.0442717808398734,0.4936708860759494,-4.38449505977101,0.4036449032356427
USDJPY_240m_base_2025,USDJPY,240,base,2025,validation,probability,132,9876,0.5164034021871203,621,4.704545454545454,-11.587106519293899,-17.428019929908555,0.8460025940470922,0.49597423510466987,-14.991429207862495,-1.9269876053026556
USDJPY_240m_base_2025,USDJPY,240,base,2025,validation,cost_filtered,132,9876,0.5164034021871203,401,3.037878787878788,-10.235809861949342,-12.503019130549687,0.7947298560066205,0.486284289276808,-12.700934239274764,-2.640597871318429
USDJPY_240m_base_2025,USDJPY,240,base,2025,validation,expected_return,132,9876,0.5164034021871203,490,3.712121212121212,-7.893827485227634,-10.782450352689832,0.8724586496030526,0.4775510204081633,-11.311606181201306,-1.622835950519574
USDJPY_240m_base_2026,USDJPY,240,base,2026,test,probability,173,13592,0.4690258975868158,186,1.0751445086705202,-1.1776805456501394,-2.3940387623254233,0.8985993302942222,0.45698924731182794,-2.922085213354031,-0.6187970293382089
USDJPY_240m_base_2026,USDJPY,240,base,2026,test,cost_filtered,173,13592,0.4690258975868158,132,0.7630057803468208,0.9314350601737686,0.24443221276495564,1.1248690276217004,0.5151515151515151,-1.4644790279779385,0.722465964300158
USDJPY_240m_base_2026,USDJPY,240,base,2026,test,expected_return,173,13592,0.4690258975868158,706,4.08092485549133,-7.833898797500849,-10.983780171067437,0.8263288085409342,0.48158640226628896,-8.697402780014428,-1.1380198315042631
USDJPY_240m_base_2026,USDJPY,240,base,2026,validation,probability,132,10326,0.4778229711408096,171,1.2954545454545454,-5.522302298223392,-6.6180741731405535,0.6356463515156859,0.4093567251461988,-5.847787981042741,-3.3010939471217964
USDJPY_240m_base_2026,USDJPY,240,base,2026,validation,cost_filtered,132,10326,0.4778229711408096,126,0.9545454545454546,-3.229082226827118,-3.8073551269409145,0.7100191576194531,0.4444444444444444,-4.421783957935377,-2.582728578070168
USDJPY_240m_base_2026,USDJPY,240,base,2026,validation,expected_return,132,10326,0.4778229711408096,560,4.242424242424242,-6.1133785334816615,-8.529891186892124,0.8698538262824852,0.5,-10.037178435786986,-1.1020977059728352
USDJPY_240m_cross_2025,USDJPY,240,cross,2025,test,probability,260,20282,0.5132629918154028,1273,4.8961538461538465,-20.054578015683045,-29.699290037552593,0.8280535234270445,0.4831107619795758,-20.785020490466856,-1.7272294969980888
USDJPY_240m_cross_2025,USDJPY,240,cross,2025,test,cost_filtered,260,20282,0.5132629918154028,817,3.1423076923076922,0.504084422877682,-3.9499276882300705,1.0103472983631798,0.4944920440636475,-5.64145174196129,0.09392488735549853
USDJPY_240m_cross_2025,USDJPY,240,cross,2025,test,expected_return,260,20282,0.5132629918154028,965,3.7115384615384617,-3.9489465250148847,-9.10056403493974,0.9592478408763611,0.48497409326424873,-12.9965112525251,-0.38359311823204995
USDJPY_240m_cross_2025,USDJPY,240,cross,2025,validation,probability,132,9876,0.5175172134467396,621,4.704545454545454,-11.544829924425926,-17.368138489205343,0.8472554614554979,0.5056360708534622,-14.771320022581314,-1.918859963770883
USDJPY_240m_cross_2025,USDJPY,240,cross,2025,validation,cost_filtered,132,9876,0.5175172134467396,388,2.9393939393939394,-5.272233906477863,-7.687451736124595,0.8907542012847733,0.5180412371134021,-10.159997481933768,-1.3394771774554153
USDJPY_240m_cross_2025,USDJPY,240,cross,2025,validation,expected_return,132,9876,0.5175172134467396,490,3.712121212121212,-12.662757272485203,-15.490085235266825,0.7969692436858933,0.4775510204081633,-16.068155430739882,-2.7025559231215577
USDJPY_240m_cross_2026,USDJPY,240,cross,2026,test,probability,173,13592,0.5220718069452619,119,0.6878612716763006,0.16759051139652037,-0.5493591388615715,1.026708546360083,0.4369747899159664,-2.7775926428249997,0.1623476424578796
USDJPY_240m_cross_2026,USDJPY,240,cross,2026,test,cost_filtered,173,13592,0.5220718069452619,78,0.4508670520231214,0.04302817341377274,-0.3600404722128747,1.011879804158061,0.44871794871794873,-2.2402306026608754,0.07973870942556013
USDJPY_240m_cross_2026,USDJPY,240,cross,2026,test,expected_return,173,13592,0.5220718069452619,682,3.9421965317919074,0.3819638110902135,-2.9590539913031955,1.0125441454342912,0.5117302052785924,-4.122169703884104,0.07538186418267988
USDJPY_240m_cross_2026,USDJPY,240,cross,2026,validation,probability,132,10326,0.489734650397056,120,0.9090909090909091,-4.567958408517492,-5.381539854887096,0.5813617445980191,0.4166666666666667,-4.872363466263085,-3.8757498458228503
USDJPY_240m_cross_2026,USDJPY,240,cross,2026,validation,cost_filtered,132,10326,0.489734650397056,69,0.5227272727272727,-2.5153567506145946,-2.8397159478345646,0.6093060129797717,0.42028985507246375,-3.36858519506702,-3.669786911833375
USDJPY_240m_cross_2026,USDJPY,240,cross,2026,validation,expected_return,132,10326,0.489734650397056,566,4.287878787878788,-5.8792764489184135,-8.325755399043455,0.8769551680317106,0.45936395759717313,-8.649213291039237,-1.0463725159496975
USDJPY_60m_base_2025,USDJPY,60,base,2025,test,probability,260,23364,0.5148519089197056,657,2.526923076923077,-3.3410034237934316,-8.766507844833582,0.885781879644555,0.471841704718417,-3.715082222496935,-0.5090507465683675
USDJPY_60m_base_2025,USDJPY,60,base,2025,test,cost_filtered,260,23364,0.5148519089197056,121,0.4653846153846154,-1.5033938297783656,-2.298553525878211,0.7804025116276058,0.4380165289256198,-2.2290329634972017,-1.2438774436854434
USDJPY_60m_base_2025,USDJPY,60,base,2025,test,expected_return,260,23364,0.5148519089197056,504,1.9384615384615385,-4.359332008980788,-7.1920881558317,0.857840349237331,0.47619047619047616,-7.662849347412537,-0.8722390846022412
USDJPY_60m_base_2025,USDJPY,60,base,2025,validation,probability,132,11413,0.5058266888635766,417,3.159090909090909,-3.84623777379266,-7.8461080121213005,0.8506803137180287,0.486810551558753,-6.729794965705671,-0.9232402997993367
USDJPY_60m_base_2025,USDJPY,60,base,2025,validation,cost_filtered,132,11413,0.5058266888635766,71,0.5378787878787878,-4.08586129059757,-4.623444169512836,0.4494355221278364,0.4647887323943662,-4.331053763668957,-5.829410329087877
USDJPY_60m_base_2025,USDJPY,60,base,2025,validation,expected_return,132,11413,0.5058266888635766,346,2.621212121212121,-4.255773138650154,-6.586464801745295,0.8559883030734271,0.4913294797687861,-5.063873131234731,-1.2272578248133224
USDJPY_60m_base_2026,USDJPY,60,base,2026,test,probability,173,15652,0.5353309481216458,54,0.31213872832369943,-0.07880168957802303,-1.2346012942504814,0.926228444835374,0.3333333333333333,-0.7021468163735278,-0.1414645764512227
USDJPY_60m_base_2026,USDJPY,60,base,2026,test,cost_filtered,173,15652,0.5353309481216458,0,0.0,0.0,0.0,,,0.0,
USDJPY_60m_base_2026,USDJPY,60,base,2026,test,expected_return,173,15652,0.5353309481216458,243,1.4046242774566473,-1.6962070233227267,-2.886468433811873,0.8716425794545503,0.48148148148148145,-3.087700762011436,-0.6918969808437371
USDJPY_60m_base_2026,USDJPY,60,base,2026,validation,probability,132,11896,0.5194182918628111,36,0.2727272727272727,0.12038521812547387,-0.7008080367860603,1.3188183030826826,0.4444444444444444,-0.2558619014520813,0.3349985121421774
USDJPY_60m_base_2026,USDJPY,60,base,2026,validation,cost_filtered,132,11896,0.5194182918628111,2,0.015151515151515152,0.27071305709363,0.26354293626389413,,1.0,0.0,13.526519275756652
USDJPY_60m_base_2026,USDJPY,60,base,2026,validation,expected_return,132,11896,0.5194182918628111,273,2.0681818181818183,-1.2750694222112946,-2.541088427004856,0.8995107104693223,0.4945054945054945,-3.179108926935015,-0.46292702813375625
USDJPY_60m_cross_2025,USDJPY,60,cross,2025,test,probability,260,23364,0.5136962848827256,431,1.6576923076923078,-1.5148440307959143,-5.91133441633035,0.9187928440118022,0.4709976798143852,-2.1705006638201407,-0.34723259243232485
USDJPY_60m_cross_2025,USDJPY,60,cross,2025,test,cost_filtered,260,23364,0.5136962848827256,92,0.35384615384615387,-2.291762119806673,-2.93339952141054,0.615711630524444,0.42391304347826086,-3.880214004662863,-2.5081521427426834
USDJPY_60m_cross_2025,USDJPY,60,cross,2025,test,expected_return,260,23364,0.5136962848827256,492,1.8923076923076922,-9.700853834706447,-12.379421657443446,0.7044578381387253,0.44715447154471544,-11.973735233102856,-2.059703149521076
USDJPY_60m_cross_2025,USDJPY,60,cross,2025,validation,probability,132,11413,0.5051257338123193,269,2.037878787878788,-4.708588046900253,-7.884982235245386,0.7255017957604002,0.4721189591078067,-5.490642652067768,-1.7808494445909437
USDJPY_60m_cross_2025,USDJPY,60,cross,2025,validation,cost_filtered,132,11413,0.5051257338123193,46,0.3484848484848485,-2.1088857282191453,-2.5038170414211636,0.491743459297446,0.45652173913043476,-2.849799445404344,-4.615873225043078
USDJPY_60m_cross_2025,USDJPY,60,cross,2025,validation,expected_return,132,11413,0.5051257338123193,312,2.3636363636363638,-4.77034433503043,-6.867916521238026,0.8205170256862931,0.47435897435897434,-5.584510634267048,-1.538876238079967
USDJPY_60m_cross_2026,USDJPY,60,cross,2026,test,probability,173,15652,0.5411449016100179,71,0.41040462427745666,-1.6788316954745919,-3.2703906949754558,0.18283410365069197,0.2676056338028169,-1.6927298602747443,-2.3836200537575163
USDJPY_60m_cross_2026,USDJPY,60,cross,2026,test,cost_filtered,173,15652,0.5411449016100179,1,0.005780346820809248,-0.057951418630797225,-0.062312123694518995,0.0,0.0,-0.057951418630797225,-5.7951418630799925
USDJPY_60m_cross_2026,USDJPY,60,cross,2026,test,expected_return,173,15652,0.5411449016100179,234,1.3526011560693643,-3.5281698511228976,-4.668174176123429,0.7474918900285864,0.43162393162393164,-4.028215134243684,-1.5220582050475602
USDJPY_60m_cross_2026,USDJPY,60,cross,2026,validation,probability,132,11896,0.5226126429051782,56,0.42424242424242425,0.16723488413490362,-1.114978368228725,1.2306853372994755,0.44642857142857145,-0.3189358672409326,0.299348620852972
USDJPY_60m_cross_2026,USDJPY,60,cross,2026,validation,cost_filtered,132,11896,0.5226126429051782,1,0.007575757575757576,-0.031296537285463444,-0.03635356368650866,0.0,0.0,-0.031296537285463444,-3.1296537285459802
USDJPY_60m_cross_2026,USDJPY,60,cross,2026,validation,expected_return,132,11896,0.5226126429051782,243,1.8409090909090908,-1.4061448813290078,-2.576002595959337,0.8703247278772279,0.45267489711934156,-1.9352540401835427,-0.5765355344152716
